AaumSal;CodPais
AaumSal;Dealer
AaumSal;Empleado
AaumSal;TipoAumento
AaumSal;Autorizacion
AaumSal;SalarioAnterior
AaumSal;NuevoSalario
AaumSal;Fecha
AbonoCuenta;CodPais
AbonoCuenta;Dealer
AbonoCuenta;Tda
AbonoCuenta;SerieDoc
AbonoCuenta;TipoDoc
AbonoCuenta;DocNo
AbonoCuenta;CorrID
AbonoImportacion;CodPais
AbonoImportacion;Dealer
AbonoImportacion;ImportacionNo
AbonoImportacion;id
AbonoProveedor;CodPais
AbonoProveedor;Dealer
AbonoProveedor;Tda
AbonoProveedor;Proveedor
AbonoProveedor;SerieDoc
AbonoProveedor;TipoDoc
AbonoProveedor;DocNo
AbonoProveedor;Fecha
AbonoProveedor;Valor
AbonoProveedor;Partida
AbonoProveedor;Cheque
AccionPersonal;CodPais
AccionPersonal;Dealer
AccionPersonal;Empleado
AccionPersonal;Fecha
AccionPersonal;Tipo
ActividadEconomica;CodPais
ActividadEconomica;Codigo
ActivoFijo;CodPais
ActivoFijo;Dealer
ActivoFijo;Ubicacion
ActivoFijo;Codigo
ActivSoc;CodPais
ActivSoc;Dealer
ActivSoc;Codigo
ActivSoc;Fecha
ActPrecioAv;CodPais
ActPrecioAv;Dealer
ActPrecioAv;TipoCliente
ActPrecioAv;Sublinea
AdicionalDespacho;Codpais
AdicionalDespacho;Dealer
AdicionalDespacho;DespachoNo
AdicionalDespacho;CodigoItem
AExcel;Usuario
AExcel;Identidad
AExcelLibros;Usuario
AExcelLibros;Identidad
AfiliacionIVA;CodPais
AfiliacionIVA;Codigo
Afiliado;CodPais
Afiliado;Dealer
Afiliado;Empleado
Afiliado;Afiliado
AFP;CodPais
AFP;Dealer
AFP;Codigo
AfpEdicion;CodPais
AfpEdicion;Dealer
AfpEdicion;NumPatronal
AfpEdicion;Periodo
AfpEdicion;CentroTrabajo
AfpEdicion;Empleado
Agenda;CodPais
Agenda;Dealer
Agenda;Fecha
Agenda;Vendedor
Agenda;Hora_Inicial
AgrupacionCuenta;CodPais
AgrupacionCuenta;Dealer
AgrupacionCuenta;Grupo
AgrupacionCuenta;Descripcion
AgrupacionCuenta;CuentaContable
AgrupacionPlaca;CodPais
AgrupacionPlaca;Dealer
AgrupacionPlaca;Grupo
AgrupacionPlaca;CCosto
AgrupacionPlaca;Descripcion
Aguinaldo;CodPais
Aguinaldo;Dealer
Aguinaldo;DesdeAnyo
Aguinaldo;HastaAnyo
AjusteLote;Codpais
AjusteLote;Dealer
AjusteLote;Lote
AjusteLote;Codigo
AjusteLote;Bodega
AjusteLote;Vapor
AjusteLote;IngresoEgreso
AjusteLote;Fecha
ALUMNOS;CodPais
ALUMNOS;Dealer
ALUMNOS;Codigo
AnexoCompra;ID
AnexoConsumidorFinal;ID
AnexoContribuyente;ID
AnexoLista;CodPais
AnexoLista;TipoAnexo
AnexoLista;Campo
AnexoLista;No
AniosElectivos;CodPais
AniosElectivos;Dealer
AniosElectivos;Codigo
Anticipo;CodPais
Anticipo;Dealer
Anticipo;Codigo
Anticipo;Fecha
AnticipoCafe;CodPais
AnticipoCafe;Dealer
AnticipoCafe;idCosecha
AnticipoCafe;idAnticipoCafe
AnticipoImp;CodPais
AnticipoImp;Dealer
AnticipoImp;Tipo
AnticipoImp;Cuenta
AnticipoImp;Fecha
AnticipoImp;Serie
AnticipoImp;Cheque
AnticipoImp;Proveedor
AnticipoImp;Documento
AnticipoVenta;CodPais
AnticipoVenta;Dealer
AnticipoVenta;Tda
AnticipoVenta;IdAnticipo
AnulacionChqs;CodPais
AnulacionChqs;Dealer
AnulacionChqs;Tda
AnulacionChqs;Cuenta
AnulacionChqs;Serie
AnulacionChqs;ChequeNo
AnulacionFactura;CodPais
AnulacionFactura;Dealer
AnulacionFactura;Tda
AnulacionFactura;Serie
AnulacionFactura;TipoDoc
AnulacionFactura;DocNo
AnulaReciboCafe;CodPais
AnulaReciboCafe;Dealer
AnulaReciboCafe;idCosecha
AnulaReciboCafe;idReciboCafe
Aprobacion;CodPais
Aprobacion;Dealer
Aprobacion;Tda
Aprobacion;Tipo
Aprobacion;Correlativo
Aprobacion;LineaNo
AprobadorPrecio;CodPais
AprobadorPrecio;Dealer
AprobadorPrecio;Usuario
Arancel;CodPais
Arancel;Dealer
Arancel;Codigo
AreaMedicaLCD;CodPais
AreaMedicaLCD;Dealer
AreaMedicaLCD;Codigo
AsignacionAlumnos;CodAnio
AsignacionAlumnos;CodGrado
AsignacionAlumnos;CodPais
AsignacionAlumnos;CodNivel
AsignacionAlumnos;CodSeccion
AsignacionAlumnos;Codigo
AsignacionAlumnos;Dealer
AsignacionProd;CodPais
AsignacionProd;Dealer
AsignacionProd;Tda
AsignacionProd;LineaOrden
AsignacionProd;LineaNo
AsisteLibros;Usuario
AsisteLibros;Establecimiento
AsisteLibros;CompraVenta
AsisteLibros;TipoDocumento
AsisteLibros;Serie
AsisteLibros;DocNo
Asistente;CodPais
Asistente;Dealer
Asistente;Tda
Asistente;Fecha
Asistente;Hora
Asistente;Usuario
aud_log;CodPais
aud_log;Dealer
aud_log;Tda
aud_log;Fecha
aud_log;Hora
aud_log;Usuario
Auditores;CodPais
Auditores;Dealer
Auditores;Codigo
AudLog;CodPais
AudLog;Dealer
AudLog;Tda
AudLog;Fecha
AudLog;Hora
AudLog;Usuario
AudLog;Modulo
AudLog;Tipo
AudLog;ID
AutChq;CodPais
AutChq;Dealer
AutChq;Tda
AutChq;IdAutorizacion
AutoChq;CodPais
AutoChq;Dealer
AutoChq;Tda
AutoChq;IdAutorizacion
Autorizador;CodPais
Autorizador;Dealer
Autorizador;Nombre
Autorizador;CdCosto
Autorizadores;CodPais
Autorizadores;Dealer
Autorizadores;Usuario
Autorizadores;Nivel
AutorizaOC;CodPais
AutorizaOC;Dealer
AutorizaOC;Codigo
AuxiliarRenta;CodPais
AuxiliarRenta;Dealer
AuxiliarRenta;Empleado
BajarBodegaRO;CodPais
BajarBodegaRO;Dealer
BajarBodegaRO;Tda
BajarBodegaRO;PedidoNo
BajarBodegaRO;Codigo
BajarBodegaRO;Color
Banco;CodPais
Banco;Dealer
Banco;Abreviatura
Base;CodPais
Base;Dealer
Base;Tda
Base;Usuario
Beca;CodPais
Beca;Dealer
Beca;Empleado
Billete;CodPais
Billete;Dealer
Billete;Denominacion
BitacoraCD;CodPais
BitacoraCD;Dealer
BitacoraCD;BitacoraNo
BitConta;CodPais
BitConta;Dealer
BitConta;Fecha
BitConta;Usuario
BitConta;Mes
BitConta;Partida
BitConta;Operacion
Bloqueo;ID
Bodega;CodPais
Bodega;Dealer
Bodega;Bodega
BodegaOperario;CodPais
BodegaOperario;Dealer
BodegaOperario;Usuario
BodegaOperario;Bodega
BodegaPrepara;CodPais
BodegaPrepara;Dealer
BodegaPrepara;Tda
BodegaRedirecPedVta;CodPais
BodegaRedirecPedVta;Clase
BodegaRedirecPedVta;TipoCliente
BodegaRedirecPedVta;Cajero
BodegaRedirecPedVta;Bodega
BODEGAS;CodPais
BODEGAS;Dealer
BODEGAS;Bodega
BoletaMedicaLCD;CodPais
BoletaMedicaLCD;Dealer
BoletaMedicaLCD;Codigo
BonficacionKCProd;CodPais
BonficacionKCProd;Codigo
BonficacionKCProd;CodigoBonificado
BonficacionKCProd;TipoCliente
BonficacionKCTipoCliente;CodPais
BonficacionKCTipoCliente;Dealer
BonficacionKCTipoCliente;TipoCliente
Bonificacion;CodPais
Bonificacion;Dealer
Bonificacion;Codigo
Bonificacion;Cantidad
BotonesPV;CodPais
BotonesPV;Dealer
BotonesPV;Tda
BotonesPV;No
CabonoDispo;CodPais
CabonoDispo;Dealer
CabonoDispo;Cuenta
CabonoDispo;CargoAbono
CabonoDispo;Referencia
CabonoDispo;Fecha
CadenaProduccion;CodPais
CadenaProduccion;Dealer
CadenaProduccion;CodigoInsumo
CadenaProduccion;Orden
CadenaProduccion;CodigoProducto
Cajero;CodPais
Cajero;Dealer
Cajero;Codigo
CalcPedProv;CodPais
CalcPedProv;Dealer
CalcPedProv;Codigo
CallejasSalas;IdClienteExteno
CallejasSalas;ClienteNo
Campaña;CodPais
Campaña;Dealer
Campaña;Tda
Campaña;Codigo
Capitalizacion;CodPais
Capitalizacion;Dealer
Capitalizacion;PrestamoNo
Capitalizacion;CapitalizacionNo
Cargo;CodPais
Cargo;Dealer
Cargo;Cargo
CargoAbono;CodPais
CargoAbono;Dealer
CargoAbono;Correlativo
CastigoCxC;CodPais
CastigoCxC;Dealer
CastigoCxC;Tda
CastigoCxC;IdAbono
CastigoCxC;Castigo
Catalogo;CodPais
Catalogo;Dealer
Catalogo;Mes
Catalogo;Codigo
CatalogoBonificacionMensual;MesAcumulado
CatalogoBonificacionMensual;MesAplicar
CatalogoBonificacionMensual;ClienteNo
CatalogoCodigoBonificado;CodPais
CatalogoDiaMunicipio;CodMunicipio
CatalogoDiaMunicipio;Dia
CatalogoPosteo;CodPais
CatalogoPosteo;Dealer
CatalogoPosteo;Mes
CatalogoPosteo;Codigo
CatalogoProdExcluBonif;CodPais
CatalogoProdExcluBonif;Codigo
Categoria;CodPais
Categoria;Dealer
Categoria;Categoria
CatProd;CodPais
CatProd;Dealer
CatProd;Tda
CatProd;Campaña
CatProd;Codigo
CCosto;CodPais
CCosto;Dealer
CCosto;Codigo
CentroCosto;CodPais
CentroCosto;Dealer
CentroCosto;CentroCosto
CentroTrabajo;CodPais
CentroTrabajo;Dealer
CentroTrabajo;CentroTrabajo
CertificadoFitosanitario;CodPais
CertificadoFitosanitario;Dealer
CertificadoFitosanitario;Correlativo
CertificadoFitosanitario;NoContrato
CertificadoFitosanitario;NoCertificado
Certificadores;CodPais
Certificadores;Codigo
ChqRechazado;CodPais
ChqRechazado;Dealer
ChqRechazado;Tda
ChqRechazado;Fecha
ChqRechazado;Cajero
ChqRechazado;ChequeNo
ChqRechazado;Banco
ChqRechazado;FechaCobro
ChqRechazado;Valor
ChqRechazado;Tipo
Chqs;CodPais
Chqs;Dealer
Chqs;Tda
Chqs;Cuenta
Chqs;Serie
Chqs;ChequeNo
Cierre;CodPais
Cierre;Dealer
Cierre;Planilla
Clase;CodPais
Clase;Dealer
Clase;Clase
ClaseCafe;CodPais
ClaseCafe;Dealer
ClaseCafe;idClaseCafe
ClasificacionMaterial;CodPais
ClasificacionMaterial;Dealer
ClasificacionMaterial;Codigo
ClasProducto;CodPais
ClasProducto;Dealer
ClasProducto;Codigo
Cliente;CodPais
Cliente;Dealer
Cliente;ClienteNo
ClienteP;Codigo
ClienteReferido;CodPais
ClienteReferido;Dealer
ClienteReferido;ClienteNo
ClienteRelacionado;CodPais
ClienteRelacionado;Dealer
ClienteRelacionado;ClienteNo
Cobradores;Codigo
CodCaRem;CodPais
CodCaRem;Dealer
CodCaRem;Tipo
CodCaRem;Numero
CodCaRem;Correlativo
CodificacionChica;CodPais
CodificacionChica;Dealer
CodificacionChica;Tda
CodificacionChica;CompraNo
CodificacionChica;Correlativo
CodificacionCompra;CodPais
CodificacionCompra;Dealer
CodificacionCompra;Tda
CodificacionCompra;CompraNo
CodificacionCompra;Correlativo
CodificacionDepartamento;CodPais
CodificacionDepartamento;Dealer
CodificacionDepartamento;CodigoDevDesc
CodificacionDepartamento;Departamento
CodificacionEnlace;CodPais
CodificacionEnlace;Dealer
CodificacionIndividual;CodPais
CodificacionIndividual;Dealer
CodificacionIndividual;CodigoDevDesc
CodificacionIndividual;Empleado
CodificacionIndivudual;CodPais
CodificacionIndivudual;Dealer
CodificacionIndivudual;CodigoDevDesc
CodificacionIndivudual;Empleado
CodificacionProd;CodPais
CodificacionProd;Dealer
CodificacionProd;Linea
CodificacionProduccion;CodPais
CodificacionProduccion;Dealer
CodificacionProduccion;Linea
CodigoAguinaldo;CodPais
CodigoAguinaldo;Dealer
CodigoAguinaldo;Departamento
CodigoAguinaldo;Codigo
CodigoBarra;CodPais
CodigoBarra;Dealer
CodigoBarra;Codigo
CodigoBarra;CodBarra
CodigoCompra;CodPais
CodigoCompra;Dealer
CodigoCompra;Codigo
CodigoContenido;CodPais
CodigoContenido;Dealer
CodigoContenido;Codigo
CodigoContenido;Componente
CodigoProveedor;CodPais
CodigoProveedor;Dealer
CodigoProveedor;Codigo
CodigoProveedor;Proveedor
CodigosObservacion;CodPais
CodigosObservacion;Dealer
CodigosObservacion;Nota
CodigosReporte;CodPais
CodigosReporte;Dealer
CodigosReporte;Tipo
CodigosReporte;Columna
CodImportacion;CodPais
CodImportacion;Dealer
CodImportacion;ImportacionNo
CodImportacion;Codigo
CodIngreso;CodPais
CodIngreso;Dealer
CodIngreso;Origen
CodNcProveedores;CodPais
CodNcProveedores;Dealer
CodNcProveedores;Tda
CodNcProveedores;Proveedor
CodNcProveedores;No_NotaProveedor
CodNcProveedores;Serie
CodPlantaTda;CodPais
CodPlantaTda;CodigoPlanta
CodPlantaTda;CodigoTienda
CodPresupuestal;CodPais
CodPresupuestal;Dealer
CodPresupuestal;Codigo
CodxDepto;CodPais
CodxDepto;Dealer
CodxDepto;CodigoDevDesc
COFIDI;CodPais
COFIDI;Dealer
Colonia;CodPais
Colonia;Subzona
Colonia;Municipio
Colonia;ColoniaNo
Color;CodPais
Color;Dealer
Color;Color
ColorTempHerraje;CodPais
ColorTempHerraje;Dealer
ColorTempHerraje;Color
ColorTempHerraje;Usuario
Comentario;ComentarioId
ComidaAv;CodPais
ComidaAv;Dealer
ComidaAv;Serie
ComidaAv;OrdenNo
ComidaAv;Fecha
ComidaAv;Comida
ComidaAvTemp;CodPais
ComidaAvTemp;Dealer
ComidaAvTemp;Fecha
ComidaAvTemp;Comida
ComidaAvTemp;Granja
ComidaAvTemp;Galera
ComidaAvTemp;Usuario
Comision;CodPais
Comision;Dealer
Comision;Desde
Comision;Hasta
ComisionCxC;Usuario
ComisionCxC;TipoCliente
ComisionCxC;Dealer
ComisionCxC;Tda
Comisiones;CodPais
Comisiones;Dealer
Comisiones;Cargos
Comisiones;Razon
ComisionMarca;CodPais
ComisionMarca;Dealer
ComisionMarca;Marca
ComisionMarca;Desde
ComisionMarca;Hasta
Comite;CodPais
Comite;Dealer
ComplementoContrato;CodPais
ComplementoContrato;Dealer
ComplementoContrato;Departamento
CompletaKit;CodPais
CompletaKit;Dealer
CompletaKit;No
CompletaKit;Codigo
Compra;CodPais
Compra;Dealer
Compra;Tda
Compra;CompraNo
CompraAnexo;CodPais
CompraAnexo;Dealer
CompraAnexo;Tda
CompraAnexo;TipoDoc
CompraAnexo;Serie
CompraAnexo;DocNo
CompraAnterior;CodPais
CompraAnterior;Dealer
CompraAnterior;Tda
CompraAnterior;CompraNo
ComprasChica;CodPais
ComprasChica;Dealer
ComprasChica;Tda
ComprasChica;CompraNo
CompRegalia;CodPais
CompRegalia;Dealer
CompRegalia;No
CompRegalia;Codigo
ConcesionPrecio;CodPais
ConcesionPrecio;Dealer
ConcesionPrecio;Fecha
ConcesionPrecio;Hora
ConcesionPrecio;Codigo
ConcesionPrecio;ClienteNo
Conciliacion;CodPais
Conciliacion;Dealer
Conciliacion;Mes
Conciliacion;Banco
Conciliacion;Tipo
Conciliacion;Documento
Conciliacion;Contabilidad
Conciliacion;EdocCta
Conexion;CodPais
Conexion;Dealer
Conexion;ID
ConfEstResul;CodPais
ConfEstResul;Dealer
ConfEstResul;OrdenAparicion
Config;CodPais
Config;Dealer
ConfigComprasInternas;CodPais
ConfigComprasInternas;Dealer
ConfigComprasInternas;ClienteNo
ConfigComprasInternas;DealerPertenece
ConfigDespacho;CodPais
ConfigDespacho;Dealer
ConfigDocsImpresion;CodPais
ConfigDocsImpresion;Dealer
ConfigDocsImpresion;Tda
ConfigDocsImpresion;TipoDoc
ConfigGeneracionDocs;Proceso
ConfigGeneracionDocs;Tda
ConfigMarca;CodPais
ConfigMarca;Empresa
ConfigNData;CodPais
ConfigNData;Dealer
ConfigPBS;CodPais
ConfigPBS;Dealer
ConfigPBS;Tda
ConfigPBS;Impresora
ConfigPorcentMermas;CodPais
ConfigPorcentMermas;Dealer
ConfigPorcentMermas;Codigo
ConfigProd;CodPais
ConfigProd;Dealer
ConfigProduct;CodPais
ConfigProduct;Dealer
ConfigSFA;ID
Configuracion;CodPais
Configuracion;Empresa
ConfigWebService;CodPais
ConfigWebService;Dealer
ConfNivel;CodPais
ConfNivel;Dealer
ConfNivel;Nivel
ConfPresupuesto;CodPais
ConfPresupuesto;Dealer
ConfPresupuesto;OrdenAparicion
ConfProv;CodPais
ConfProv;Dealer
Consignatario;CodPais
Consignatario;Dealer
Consignatario;Codigo
ConsultaMultiple;CodPais
ConsultaMultiple;Dealer
ConsultaMultiple;Tda
ConsultaMultiple;IDCM
ConsultaMultiple;LineaNo
Consumo;CodPais
Consumo;Dealer
Consumo;Tda
Consumo;Serie
Consumo;TipoReq
Consumo;ReqNo
ConsumoMaterial;CodPais
ConsumoMaterial;Dealer
ConsumoMaterial;Tda
ConsumoMaterial;ConsumoNo
ConsumoPedido;CodPais
ConsumoPedido;Dealer
ConsumoPedido;Tda
ConsumoPedido;PedidoNo
ConsumoPedido;Bodega
ConsumoPedido;Codigo
ConsumoPedido;Componente
Contacto;CodPais
Contacto;Dealer
Contacto;ClienteNo
Contacto;Contacto
ContaProd;CodPais
ContaProd;Dealer
ContaProd;TipoGasto
Contingencia;CodPais
Contingencia;Dealer
Contingencia;Tda
Contingencia;Id
Contrato;CodPais
Contrato;Dealer
Contrato;Tda
Contrato;ContratoNo
ContratoCafe;CodPais
ContratoCafe;Dealer
ContratoCafe;idCosecha
ContratoCafe;idContratoCafe
ContratoEmbarque;CodPais
ContratoEmbarque;Dealer
ContratoEmbarque;Correlativo
ContratoEmbarque;NoContrato
ContratosCliente;CodPais
ContratosCliente;Dealer
ContratosCliente;ClienteNo
ContratosCliente;ContratoId
ContratoTrabajo;CodPais
ContratoTrabajo;Dealer
ContratoTrabajo;Correlativo
ContratoVenta;CodPais
ContratoVenta;Dealer
ContratoVenta;idCosecha
ContratoVenta;idContratoCafe
Contribuyente;CodPais
Contribuyente;NRC
ControlBodegaHerraje;CodPais
ControlBodegaHerraje;Dealer
ControlBodegaHerraje;Tda
ControlBodegaHerraje;PedidoNo
ControlBodegaHerraje;ID
ControlHerraje;CodPais
ControlHerraje;Dealer
ControlHerraje;Tda
ControlHerraje;PedidoNo
ControlHerraje;ID
ControlMdco;CodPais
ControlMdco;Dealer
ControlMdco;Empleado
ControlMdco;Fecha
ControlMdco;Medico
ControlPosteo;CodPais
ControlPosteo;Dealer
ControlProduccion;CodPais
ControlProduccion;Dealer
ControlProduccion;Estilo
ControlProduccion;Corte
ControlProduccion;Bulto
ControlProduccion;Operacion
ControlProduccion;UnProducida
ControlSubsidio;CodPais
ControlSubsidio;Dealer
ControlSubsidio;Empleado
ControlSubsidio;Del
ControlSubsidio;Tipo
Conversion;CodPais
Conversion;Dealer
Conversion;Tda
Conversion;ConversionNo
ConversionSFA;CodPais
ConversionSFA;Codigo
ConversionTemp;CodPais
ConversionTemp;Dealer
ConversionTemp;Tda
ConversionTemp;ConversionNo
ConversionTemporal;CodPais
ConversionTemporal;Dealer
ConversionTemporal;Tda
ConversionTemporal;ConversionNo
Cooperativa;CodPais
Cooperativa;Dealer
Cooperativa;Id
Coordinador;CodPais
Coordinador;Coordinador
CorrAF;CodPais
CorrAF;Dealer
CorrAF;Clase
CorrelativoPBS;IdTrans
Correo;EncabezadoID
CorreoConfig;Codigo
CorreoPuerto;EType
CorreoPuerto;ESecurity
CorreoPuerto;EPort
CorreoUsuario;CodPais
CorreoUsuario;Dealer
CorreoUsuario;Usuario
CorrTerminal;CodPais
CorrTerminal;Dealer
CorrTerminal;Tda
CorrTerminal;Terminal
CorrTerminal;FechaEntrega
CorrTerminal;TipoDoc
CorrUsuario;CodPais
CorrUsuario;Dealer
CorrUsuario;Tda
CorrUsuario;Usuario
CorrUsuario;FechaEntrega
CorrUsuario;TipoDoc
CorteCafeteria;CodPais
CorteCafeteria;Dealer
CorteCafeteria;Tda
CorteCafeteria;Cajero
CorteCafeteria;Fecha
CorteCafeteria;Tiempo
CorteCaja;CodPais
CorteCaja;Dealer
CorteCaja;Tda
CorteCaja;Cajero
CorteCaja;Fecha
CorteMensualServ;CodPais
CorteMensualServ;Dealer
CorteMensualServ;Fecha
CorteMensualServ;OT
Cosecha;CodPais
Cosecha;Dealer
Cosecha;idCosecha
Coseguro;CodPais
Coseguro;Codigo
CostosIniciales;CodPais
CostosIniciales;Dealer
CostosIniciales;Tda
CostosIniciales;Codigo
Cotizacion;CodPais
Cotizacion;Dealer
Cotizacion;Tda
Cotizacion;CotizacionNo
CotizacionRecib;CodPais
CotizacionRecib;Dealer
CotizacionRecib;Tda
CotizacionRecib;Tipo
CotizacionRecib;Correlativo
CotizacionServicio;CodPais
CotizacionServicio;Dealer
CotizacionServicio;Tda
CotizacionServicio;Documento
CotizacionServicio;Numero
CotizacionServicio;ItemNo
CotizacionServicio;Codigo
Creditos;Codigo
CtaRetDesc;CodPais
CtaRetDesc;Dealer
CtaRetDesc;Tipo
CtaRetDesc;Cuenta
Ctas_Bloq;CodPais
Ctas_Bloq;Dealer
Ctas_Bloq;Cuenta
Ctas_Bloq;Tipo
CtaVtaTipoCliente;CodPais
CtaVtaTipoCliente;Dealer
CtaVtaTipoCliente;Tda
CtaVtaTipoCliente;Tipo
CuadreDiario;Codigo
CuadreDiario;Descripcion
CuadreDiario;Total
CuadreDiario;Cantidad
CuadreDiario;VM
CuadreDiario;CM
CuadreDiario;DFM
CuadreDiario;DFC
CuadreDiario;Orden
CuadreDiario;Fecha
Cuentas;Codigo
CuentasBienes;CodPais
CuentasBienes;Dealer
CuentasBienes;Codigo
CuentasCompras;CodPais
CuentasCompras;Dealer
CuentasCompras;Cuenta
CuentaUsuario;Token
CuentaUsuario;Usuario
CuentaVenta;CodPais
CuentaVenta;Dealer
CuentaVenta;Tda
CuentaVenta;Tipo
CuentaVenta;Cliente
CuentaVentaLinea;CodPais
CuentaVentaLinea;Dealer
CuentaVentaLinea;Tda
CuentaVentaLinea;Linea
CUOTAS;CodPais
CUOTAS;Dealer
CUOTAS;CodAlumno
CUOTAS;AnioElectivo
CUOTAS;CodMes
CuotasP;CodCuota
CuotasP;CodCredito
CuotasRegimen;CodPais
CuotasRegimen;Dealer
CuotasRegimen;CodRegimen
CuotasRegimen;CodNivel
Cupon;CodPais
Cupon;Dealer
Cupon;CuponNo
CxpEdoCta;CodPais
CxpEdoCta;Dealer
CxpEdoCta;Proveedor
CxpEdoCta;FacturaNo
CxpEdoCta;Fecha
CxpEdoCta;Referencia
CxpEdoCta;id
DataView;Seq
DatoCartaBanco;CodPais
DatoCartaBanco;Dealer
DatoCartaBanco;Referencia
DatoCartaBanco;Cheque
DatoCartaBanco;ComisionEmpleado
DatoEmpleador;CodPais
DatoEmpleador;Dealer
DatoEmpleador;CdCosto
DatoFamilia;CodPais
DatoFamilia;Dealer
DatoFamilia;SolicitudNo
DatoFamilia;Nombre
DatosCartaBanco;CodPais
DatosCartaBanco;Dealer
DatosCartaBanco;Referencia
DatosCartaBanco;Cheque
DatosCartaBanco;ComisionEmpleado
DatoSolicitud;CodPais
DatoSolicitud;Dealer
DatoSolicitud;Solicitud
dbo.DetGastoIndirecto;CodPais
dbo.DetGastoIndirecto;Dealer
dbo.DetGastoIndirecto;Fecha
dbo.DetGastoIndirecto;Tipo
DDE;CodPais
DDE;Dealer
DDE;Service
DDL;ID
Dealer;CodPais
Dealer;Codigo
DeclarcionSalud;CodPais
DeclarcionSalud;Dealer
DeclarcionSalud;Empleado
DeclSalud;CodPais
DeclSalud;Dealer
DeclSalud;Empleado
DefectoPersonal;CodPais
DefectoPersonal;Dealer
DefectoPersonal;SolicitudNo
DefectoPersonal;Padecimiento
Deficiencia;CodPais
Deficiencia;Dealer
Deficiencia;IdReciboCafe
Deficiencia;IdTipoDeficiencia
Depart;CodPais
Depart;Dealer
Depart;Depart
DepContrato;CodPais
DepContrato;Dealer
DepContrato;Contrato
DepContrato;Nombre
DepContrato;FechaNacimiento
Dependencia;CodPais
Dependencia;Dealer
Dependencia;Codigo
DepNomina;CodPais
DepNomina;Dealer
DepNomina;Codigo
DepositoBanco;CodPais
DepositoBanco;Dealer
DepositoBanco;Banco
DepositoPlanilla;Codpais
DepositoPlanilla;Dealer
DepositoPlanilla;Codigo
DepreciacionAF;CodPais
DepreciacionAF;Dealer
DepreciacionAF;Ubicacion
DepreciacionAF;Codigo
DepreciacionAF;Fecha_aplicacion
DepreciacionAF;Tipo
DepSegColectivo;CodPais
DepSegColectivo;Dealer
DepSegColectivo;CodigoEmpleado
DepSegColectivo;Corr
DepSegMedico;CodPais
DepSegMedico;Dealer
DepSegMedico;CodigoEmpleado
DepSegMedico;Corr
DepSolicitud;CodPais
DepSolicitud;Dealer
DepSolicitud;SolicitudNo
DepSolicitud;Nombre
DeptoEmpCafeteria;CodPais
DeptoEmpCafeteria;Dealer
DeptoEmpCafeteria;Empresa
DeptoEmpCafeteria;Departamento
Derecho;GrupoCliente
Derecho;Codigo
Derecho;Programa
DescServicio;CodPais
DescServicio;Dealer
DescServicio;Tda
DescServicio;id
DescuentoPermanente;CodPais
DescuentoPermanente;Dealer
DescuentoPermanente;Empleado
DescuentoPermanente;Codigo
DescuentoPermanente;Tipo
Despacho;CodPais
Despacho;Dealer
Despacho;Tda
Despacho;DespachoNo
DetalleCorte;CodPais
DetalleCorte;Dealer
DetalleCorte;Tda
DetalleCorte;Orden
DetalleCorte;Linea
DetalleCotRec;CodPais
DetalleCotRec;Dealer
DetalleCotRec;Tda
DetalleCotRec;Tipo
DetalleCotRec;Correlativo
DetalleCotRec;LineaNo
DetalleCuenta;CodPais
DetalleCuenta;Dealer
DetalleCuenta;Tda
DetalleCuenta;Mesa
DetalleCuenta;IDDetalle
DetallePedido;CodPais
DetallePedido;Dealer
DetallePedido;Tda
DetallePedido;Tipo
DetallePedido;SolicitudNo
DetallePedido;LineaNo
DetAnulacion;CodPais
DetAnulacion;Dealer
DetAnulacion;Tda
DetAnulacion;DocNo
DetAnulacion;TipoDoc
DetAnulacion;LineaNo
DetAnulacion;Serie
DetAnulaciones;CodPais
DetAnulaciones;Dealer
DetAnulaciones;Tda
DetAnulaciones;Serie
DetAnulaciones;TipoDoc
DetAnulaciones;DocNo
DetAnulaciones;LineaNo
DetAsignacionProd;CodPais
DetAsignacionProd;Dealer
DetAsignacionProd;Tda
DetAsignacionProd;LineaNo
DetBoton;CodPais
DetBoton;Dealer
DetBoton;Tda
DetBoton;IdBoton
DetBoton;Codigo
DetCodigosReporte;CodPais
DetCodigosReporte;Dealer
DetCodigosReporte;Tipo
DetCodigosReporte;Columna
DetCodigosReporte;Codigo
DetComanda;CodPais
DetComanda;Dealer
DetComanda;Tda
DetComanda;Mesa
DetComanda;PedidoNo
DetComanda;Fecha
DetComanda;Hora
DetComanda;IDDetalle
DetComanda;NoLinea
DetCompra;CodPais
DetCompra;Dealer
DetCompra;Tda
DetCompra;CompraNo
DetCompra;LineaNo
DetCompraAnterior;CodPais
DetCompraAnterior;Dealer
DetCompraAnterior;Tda
DetCompraAnterior;CompraNo
DetCompraAnterior;LineaNo
DetCompraAnteriorAnterior;CodPais
DetCompraAnteriorAnterior;Dealer
DetCompraAnteriorAnterior;Tda
DetCompraAnteriorAnterior;CompraNo
DetCompraAnteriorAnterior;LineaNo
DetCompraRecepcion;CodPais
DetCompraRecepcion;Dealer
DetCompraRecepcion;Tda
DetCompraRecepcion;CompraNo
DetCompraRecepcion;LineaNo
DetCompraTemp;CodPais
DetCompraTemp;Dealer
DetCompraTemp;Tda
DetCompraTemp;CompraNo
DetCompraTemp;LineaNo
DetConsumo;CodPais
DetConsumo;Dealer
DetConsumo;Tda
DetConsumo;TipoReq
DetConsumo;ReqNo
DetConsumo;Serie
DetConsumo;Linea
DetConsumo;Codigo
DetConsumoMaterial;CodPais
DetConsumoMaterial;Dealer
DetConsumoMaterial;Tda
DetConsumoMaterial;ConsumoNo
DetConsumoMaterial;LineaNo
DetCosto;CodPais
DetCosto;Dealer
DetCosto;Tda
DetCosto;Bodega
DetCosto;Codigo
DetCosto;Fecha
DetCosto;SerieDoc
DetCosto;Documento
DetCosto;IngresoEgreso
DetCosto;Unidad
DetCosto;ID
DetCosto;SIM
DetCosto;IMEI
DetCosto;SerieNo
DetCosto;Corr
DetCotizacion;CodPais
DetCotizacion;Dealer
DetCotizacion;Tda
DetCotizacion;CotizacionNo
DetCotizacion;LineaNo
DetDespacho;CodPais
DetDespacho;Dealer
DetDespacho;Tda
DetDespacho;DespachoNo
DetDespacho;Corr
DetDespacho;SerieDoc
DetDespacho;TipoDoc
DetDespacho;DocNo
DetDireccion;CodPais
DetDireccion;Dealer
DetDireccion;Cliente
DetEfectivo;CodPais
DetEfectivo;Dealer
DetEfectivo;Tda
DetEfectivo;Cajero
DetEfectivo;Fecha
DetEfectivo;Tiempo
DetEfectivo;Denominacion
DetEmpaqueHerraje;CodPais
DetEmpaqueHerraje;Dealer
DetEmpaqueHerraje;Tda
DetEmpaqueHerraje;PedidoNo
DetEmpaqueHerraje;CajaNo
DetEmpaqueHerraje;Codigo
DetEmpaqueHerraje;Color
DetEntregaPT;CodPais
DetEntregaPT;Dealer
DetEntregaPT;EntregaNo
DetEntregaPT;SerieEntrega
DetEntregaPT;Linea
DetEstCta;CodPais
DetEstCta;Dealer
DetEstCta;Cliente
DetEstCta;Correlativo
DetEstCta;Doc
DetFactContrato;CodPais
DetFactContrato;Dealer
DetFactContrato;Tda
DetFactContrato;ContratoNo
DetFactContrato;LineaNo
DetFactContrato;CorrLinea
DetFactEspecial;CodPais
DetFactEspecial;Dealer
DetFactEspecial;Tda
DetFactEspecial;Serie
DetFactEspecial;DocNo
DetFactEspecial;LineaNo
DetFactura;CodPais
DetFactura;Dealer
DetFactura;Tda
DetFactura;Serie
DetFactura;Tipodoc
DetFactura;DocNo
DetFactura;LineaNo
DetFacturaAnterior;CodPais
DetFacturaAnterior;Dealer
DetFacturaAnterior;Tda
DetFacturaAnterior;Serie
DetFacturaAnterior;Tipodoc
DetFacturaAnterior;DocNo
DetFacturaAnterior;LineaNo
DetFacturah;CodPais
DetFacturah;Dealer
DetFacturah;Tda
DetFacturah;Serie
DetFacturah;Tipodoc
DetFacturah;DocNo
DetFacturah;LineaNo
DetFacturaImp;CodPais
DetFacturaImp;Dealer
DetFacturaImp;Tda
DetFacturaImp;Serie
DetFacturaImp;DocNo
DetFacturaImp;LineaNo
DetFacturaImp;Codigo
DetFacturaMasa;CodPais
DetFacturaMasa;Dealer
DetFacturaMasa;Tda
DetFacturaMasa;No
DetFacturaMasa;DocNo
DetFacturaTemp;CodPais
DetFacturaTemp;Dealer
DetFacturaTemp;Tda
DetFacturaTemp;Serie
DetFacturaTemp;Tipodoc
DetFacturaTemp;DocNo
DetFacturaTemp;LineaNo
DetGastoIndirect;CodPais
DetGastoIndirect;Dealer
DetGastoIndirect;Mes
DetGastoIndirect;Año
DetGastoIndirect;Tipo
DetGastoIndirect;Descripcion
DetGastoIndirect;Rubro
DetGastoIndirecto;CodPais
DetGastoIndirecto;Dealer
DetGastoIndirecto;Fecha
DetGastoIndirecto;Tipo
DetGastoIndirecto;Rubro
DetGastos;CodPais
DetGastos;Dealer
DetGastos;Tda
DetGastos;Cajero
DetGastos;Fecha
DetGastos;Tiempo
DetGastos;ID
DetHojaLiq;CodPais
DetHojaLiq;Dealer
DetHojaLiq;Tda
DetHojaLiq;LiqNo
DetHojaLiq;SerieDoc
DetHojaLiq;TipoDoc
DetHojaLiq;DocNo
DetHojaProduccion;CodPais
DetHojaProduccion;Dealer
DetHojaProduccion;Tda
DetHojaProduccion;HojaNo
DetHojaProduccion;LineaNo
DetHojaProduccionEnsamble;CodPais
DetHojaProduccionEnsamble;Dealer
DetHojaProduccionEnsamble;Tda
DetHojaProduccionEnsamble;HojaNo
DetHojaProduccionEnsamble;LineaNo
DetHojaProduccionMaterial;CodPais
DetHojaProduccionMaterial;Dealer
DetHojaProduccionMaterial;Tda
DetHojaProduccionMaterial;HojaNo
DetHojaProduccionMaterial;LineaNo
DetImportacion;CodPais
DetImportacion;Dealer
DetImportacion;ImportacionNo
DetImportacion;LineaNo
DetIngBodega;CodPais
DetIngBodega;Dealer
DetIngBodega;Tda
DetIngBodega;IngresoNo
DetIngBodega;ItemNo
DetIngreso;CodPais
DetIngreso;Dealer
DetIngreso;Tienda
DetIngreso;IngresoNo
DetIngreso;LineaNo
DetIngresoTienda;CodPais
DetIngresoTienda;Dealer
DetIngresoTienda;Tienda
DetIngresoTienda;NoIngreso
DetIngresoTienda;LineaNo
DetInventarioFisico;CodPais
DetInventarioFisico;Dealer
DetInventarioFisico;Tda
DetInventarioFisico;Tipo
DetInventarioFisico;Numero
DetInventarioFisico;LineaNo
DetLiqCajaChica;CodPais
DetLiqCajaChica;Dealer
DetLiqCajaChica;Tda
DetLiqCajaChica;LiqNo
DetLiqCajaChica;IDDetalle
DetLiquidacion;CodPais
DetLiquidacion;Dealer
DetLiquidacion;Tda
DetLiquidacion;LiquidacionNo
DetLiquidacion;Correlativo
DetMaterialOT;CodPais
DetMaterialOT;Dealer
DetMaterialOT;Tda
DetMaterialOT;Serie
DetMaterialOT;ReqNo
DetMaterialOT;TipoReq
DetMaterialOT;Codigo
DetMaterialOT;Bodega
DetMaterialOT;Corr
DetMaterialProd;CodPais
DetMaterialProd;Dealer
DetMaterialProd;TipoReq
DetMaterialProd;SerieOrden
DetMaterialProd;OrdenNo
DetMaterialProd;Linea
DetNcProveedor;CodPais
DetNcProveedor;Dealer
DetNcProveedor;Tienda
DetNcProveedor;NoNotaAbono
DetNcProveedor;Proveedor
DetNcProveedor;Serie
DetNcProveedor;LinNo
DetNcProveedorAnterior;CodPais
DetNcProveedorAnterior;Dealer
DetNcProveedorAnterior;Tienda
DetNcProveedorAnterior;NoNotaAbono
DetNcProveedorAnterior;Proveedor
DetNcProveedorAnterior;Serie
DetNcProveedorAnterior;LinNo
DetNotaAbono;CodPais
DetNotaAbono;Dealer
DetNotaAbono;Tda
DetNotaAbono;Serie
DetNotaAbono;DocNo
DetNotaAbono;LineaNo
DetNotaCredito;CodPais
DetNotaCredito;Dealer
DetNotaCredito;Tda
DetNotaCredito;Serie
DetNotaCredito;No
DetNotaCredito;NotaAbono
DetNotaCredito;LineaNo
DetNotaCredito;Bodega
DetNotaCredito;Codigo
DetNotaCredito;Fecha
DetNotaCreditoDesc;CodPais
DetNotaCreditoDesc;Dealer
DetNotaCreditoDesc;Tda
DetNotaCreditoDesc;Serie
DetNotaCreditoDesc;No
DetNotaCreditoDesc;LineaNo
DetOrdenCompra;CodPais
DetOrdenCompra;Dealer
DetOrdenCompra;Tda
DetOrdenCompra;OrdenNo
DetOrdenCompra;LineaNo
DetOrdenMedicaEmpresarial;CodPais
DetOrdenMedicaEmpresarial;Dealer
DetOrdenMedicaEmpresarial;Tda
DetOrdenMedicaEmpresarial;OrdenNo
DetOrdenMedicaEmpresarial;LineaNo
DetOrdenMedicaExterna;CodPais
DetOrdenMedicaExterna;Dealer
DetOrdenMedicaExterna;Tda
DetOrdenMedicaExterna;OrdenNo
DetOrdenMedicaExterna;LineaNo
DetOrdenMedicaHospital;CodPais
DetOrdenMedicaHospital;Dealer
DetOrdenMedicaHospital;Tda
DetOrdenMedicaHospital;OrdenNo
DetOrdenMedicaHospital;LineaNo
DetOrdenServicio;Id
DetPatron;CodPais
DetPatron;Dealer
DetPatron;Tda
DetPatron;PatronNo
DetPatron;Corr
DetPedido;CodPais
DetPedido;Dealer
DetPedido;Tda
DetPedido;Tipo
DetPedido;SolicitudNo
DetPedido;LineaNo
DetPedidoBods;CodPais
DetPedidoBods;Dealer
DetPedidoBods;Tda
DetPedidoBods;TipoPedido
DetPedidoBods;PedidoNo
DetPedidoBods;LineaNo
DetPedidoMesa;CodPais
DetPedidoMesa;Dealer
DetPedidoMesa;Tda
DetPedidoMesa;Mesa
DetPedidoMesa;PedidoNo
DetPedidoMesa;Fecha
DetPedidoMesa;Hora
DetPedidoMesa;IDDetalle
DetPedidoVta;CodPais
DetPedidoVta;Dealer
DetPedidoVta;Tda
DetPedidoVta;TipoPedido
DetPedidoVta;PedidoNo
DetPedidoVta;LineaNo
DetPlanilla;CodPais
DetPlanilla;Dealer
DetPlanilla;Planilla
DetPlanilla;Empleado
DetPlantillaCosto;CodPais
DetPlantillaCosto;Dealer
DetPlantillaCosto;PlantillaNo
DetPlantillaCosto;LineaNo
DetPreliquidacion;CodPais
DetPreliquidacion;Dealer
DetPreliquidacion;Tda
DetPreliquidacion;LiquidacionNo
DetPreliquidacion;Correlativo
DetPresGlo;CodPais
DetPresGlo;Dealer
DetPresGlo;CodigoActividad
DetPresGlo;Corr
DetPresuPer;CodPais
DetPresuPer;Dealer
DetPresuPer;CodigoActividad
DetPresuPer;Corr
DetPresupuestoGlobal;CodPais
DetPresupuestoGlobal;Dealer
DetPresupuestoGlobal;CodigoActividad
DetPresupuestoGlobal;Corr
DetPresupuestoPersona;CodPais
DetPresupuestoPersona;Dealer
DetPresupuestoPersona;CodigoActividad
DetPresupuestoPersona;Corr
DetProduccion;CodPais
DetProduccion;Dealer
DetProduccion;Tda
DetProduccion;OrdenNo
DetProduccion;LineaNo
DetProduccionAv;CodPais
DetProduccionAv;Dealer
DetProduccionAv;Serie
DetProduccionAv;OrdenNo
DetProduccionAv;LineaNo
DetProgPago;CodPais
DetProgPago;Dealer
DetProgPago;FechaProg
DetProgPago;Proveedor
DetProgPago;Tipo
DetProgPago;Documento
DetProgramacion;CodPais
DetProgramacion;Dealer
DetProgramacion;Tda
DetProgramacion;FechaProgramacion
DetProgramacion;Proveedor
DetProgramacion;SerieDoc
DetProgramacion;TipoDoc
DetProgramacion;DocNo
DetQuedanCxP;CodPais
DetQuedanCxP;Dealer
DetQuedanCxP;Tda
DetQuedanCxP;QuedanNo
DetQuedanCxP;LineaNo
DetReceta;CodPais
DetReceta;Dealer
DetReceta;Producto
DetReceta;Ingrediente
DetReceta;Cantidad
DetRecibo;CodPais
DetRecibo;Dealer
DetRecibo;Tda
DetRecibo;Serie
DetRecibo;Recibo
DetRecibo;LineaNo
DetRegalia;CodPais
DetRegalia;Dealer
DetRegalia;No
DetRegalia;Codigo
DetRemision;CodPais
DetRemision;Dealer
DetRemision;Tda
DetRemision;RemisionNo
DetRemision;Correlativo
DetRemisionAcumulada;CodPais
DetRemisionAcumulada;Dealer
DetRemisionAcumulada;Tda
DetRemisionAcumulada;Cliente
DetRemisionAcumulada;Producto
DetRemisionAcumulada;Fecha
DetRemisionAcumulada;RecibidoEntregado
DetRemisionAcumulada;Documento
DetRepGerencial;CodPais
DetRepGerencial;Dealer
DetRepGerencial;RepNo
DetRepGerencial;Nivel
DetRepGerencial;CodigoDesde
DetRepGerencial;CodigoHasta
DetRequisicion;CodPais
DetRequisicion;Dealer
DetRequisicion;Tda
DetRequisicion;TipoReq
DetRequisicion;ReqNo
DetRequisicion;Serie
DetRequisicion;Linea
DetRetencionIVA;CodPais
DetRetencionIVA;Dealer
DetRetencionIVA;Tda
DetRetencionIVA;Proveedor
DetRetencionIVA;Serie
DetRetencionIVA;Comprobante
DetRetencionIVA;CompraNo
DetRetencionIVA;TipoDoc
DetRetencionIVA;SerieDoc
DetRetencionIVA;FacturaNo
DetRotacionTemp;CodPais
DetRotacionTemp;Dealer
DetRotacionTemp;Codigo
DetTiketAnulado;CodPais
DetTiketAnulado;Dealer
DetTiketAnulado;Tda
DetTiketAnulado;Serie
DetTiketAnulado;TipoDoc
DetTiketAnulado;DocNo
DetTiketAnulado;LineaNo
DetTransportePesado;Codpais
DetTransportePesado;Dealer
DetTransportePesado;Numero
DetTransportePesado;Correlativo
DetTransportePesado;LineaID
DetTraslado;CodPais
DetTraslado;Dealer
DetTraslado;Tda
DetTraslado;Serie
DetTraslado;TrasladoNo
DetTraslado;LineaNo
DetValRecibido;CodPais
DetValRecibido;Dealer
DetValRecibido;Tda
DetValRecibido;Cliente
DetValRecibido;ChequeNo
DetValRecibido;Banco
DetValRecibido;Valor
DetValRecibido;Tipo
DetValRecibido;TipoDoc
DetValRecibido;SerieDoc
DetValRecibido;NoDoc
DevengoDescuento;CodPais
DevengoDescuento;Dealer
DevengoDescuento;Planilla
DevengoDescuento;Empleado
DevengoDescuento;Codigo
DevengoDescuento;Corr
DevengoPermanente;CodPais
DevengoPermanente;Dealer
DevengoPermanente;Empleado
DevengoPermanente;Codigo
DevengoPermanente;Tipo
DiaMes;Clase
DiaMes;Numero
DiaRuta;CodPais
DiaRuta;Dealer
DiaRuta;Codigo
DIAS_MESES;CLASE
DIAS_MESES;NUMERO
DiasVisita;CodPais
DiasVisita;Dealer
DiasVisita;ClienteNo
DifCaja;CodPais
DifCaja;Dealer
DifCaja;Tda
DifCaja;IngCaja
Direccion;id_Direccion
DireccionCliente;CodPais
DireccionCliente;Dealer
DireccionCliente;Cliente
DireccionCliente;Corr
DISPO_SECCION;CodPais
DISPO_SECCION;Dealer
DISPO_SECCION;CodAnio
DISPO_SECCION;CodNivel
DISPO_SECCION;CodGrado
DISPO_SECCION;CodSeccion
DistOC;CodPais
DistOC;Dealer
DistOC;Tda
DistOC;OrdenNo
DistOC;Codigo
DistOC;Corr
DistribuccionOC;CodPais
DistribuccionOC;Dealer
DistribuccionOC;Tda
DistribuccionOC;OrdenNo
DistribuccionOC;Codigo
DistribucionCC;CodPais
DistribucionCC;Dealer
DistribucionCC;Cuenta
DistribucionCC;CC
DistVenta;CodPais
DistVenta;Dealer
DistVenta;Tda
DistVentaSem;CodPais
DistVentaSem;Dealer
DistVentaSem;Tda
DistVentaSem;Año
DistVentaSem;SDA
DistVta;CodPais
DistVta;Dealer
DistVta;Tda
DistVta;OT
DistVta;Rubro
DistVta;Serie
DistVta;TipoDoc
DistVta;DocNo
DivComercial;CodPais
DivComercial;Dealer
DivComercial;Tda
DivComercial;Codigo
Division;CodPais
Division;Dealer
Division;Division
DivisionEmp;CodPais
DivisionEmp;Dealer
DivisionEmp;Departamento
DivisionEmp;Division
Divisiones;CodPais
Divisiones;Dealer
Divisiones;Division
DocDigital;CodPais
DocDigital;Dealer
DocDigital;Tda
DocDigital;Tipo
DocDigital;ID
DOCENTES;CodPais
DOCENTES;Dealer
DOCENTES;Codigo
DocPresentar;CodPais
DocPresentar;Dealer
DocPresentar;SolicitudNo
DocProd;CodPais
DocProd;Dealer
DocProd;Tda
DocProd;DocNo
DocProd;Usuario
Documento;CodPais
Documento;Dealer
Documento;Tda
Documento;No_Doc
DocumentoDTE;CodPais
DocumentoDTE;AfiliacionIVA
DocumentoDTE;Doc
DocumentoDTESV;CodPais
DocumentoDTESV;TipoDoc
DocumentosCaja;CodPais
DocumentosCaja;Dealer
DocumentosCaja;Tda
DocumentosCaja;NoDoc
DPVta;ID
DTEV;Numero_de_Autorizacion
Dui;CodPais
Dui;Dealer
Dui;Dui
Dui;Empleado
DynamicProcedure;id
EDO_CTA_BCO;CodPais
EDO_CTA_BCO;Dealer
EDO_CTA_BCO;Mes
EDO_CTA_BCO;Banco
EDO_CTA_BCO;Tipo
EDO_CTA_BCO;Documento
EDO_CTA_BCO;FechaAplic
EDO_CTA_BCO;Cargos
EDO_CTA_BCO;Abonos
EDO_CTA_BCO;Saldo
EdoCtaBco;CodPais
EdoCtaBco;Dealer
EdoCtaBco;Mes
EdoCtaBco;Banco
EdoCtaBco;Tipo
EdoCtaBco;Documento
EdoCtaBco;FechaAplic
EdoCtaBco;Cargo
EdoCtaBco;Abono
EdoCtaBco;Saldo
EdoCtaTemp;CodPais
EdoCtaTemp;Dealer
EdoCtaTemp;Correlativo
EdoCtaTemp;Tipo
EdoCtaTemp;Documento
EdoCtaTemp;FechaAplic
EdoCtaTemp;Cargo
EdoCtaTemp;Abono
EdoCtaTemp;Saldo
EdoCtaTemp;Usuario
Educacion;CodPais
Educacion;Dealer
Educacion;SolicitudNo
Educacion;CentroEstudios
Efectivo;Codigo
Email;CodPais
Email;Dealer
EmailGroups;CodPais
EmailGroups;Dealer
EmailGroups;Numero
Embarque;CodPais
Embarque;Dealer
Embarque;Correlativo
Embarque;NoContrato
Embarque;DocNo
Empaque;CodPais
Empaque;Dealer
Empaque;Codigo
EmpaqueHerraje;CodPais
EmpaqueHerraje;Dealer
EmpaqueHerraje;Tda
EmpaqueHerraje;PedidoNo
EmpaqueHerraje;CajaNo
EmpAsignacionProd;CodPais
EmpAsignacionProd;Dealer
EmpAsignacionProd;Tda
EmpAsignacionProd;LineaNo
EmpleadoCafeteria;CodPais
EmpleadoCafeteria;Dealer
EmpleadoCafeteria;Empresa
EmpleadoCafeteria;Empleado
EmpMdco;CodPais
EmpMdco;Dealer
EmpMdco;CodigoMedico
EmpMdco;CodigoEmpleado
EmpresaCaf;CodPais
EmpresaCaf;Dealer
EmpresaCaf;Codigo
EmpUser;CodPais
EmpUser;Dealer
EmpUser;Usuario
EncajadoHerraje;CodPais
EncajadoHerraje;Dealer
EncajadoHerraje;Tda
EncajadoHerraje;PedidoNo
EncajadoHerraje;ID
EncajadoHerraje;LineaNo
EncEdoCta;CodPais
EncEdoCta;Dealer
EncEdoCta;Banco
EncEdoCta;Mes
EncEdoCta;Año
EnracadoHerraje;CodPais
EnracadoHerraje;Dealer
EnracadoHerraje;Tda
EnracadoHerraje;PedidoNo
EnracadoHerraje;ID
EnracadoHerraje;LineaNo
Ensamble;CodPais
Ensamble;Dealer
Ensamble;Codigo
Ensamble;Componente
EntCaja;CodPais
EntCaja;Dealer
EntCaja;Tda
EntCaja;CAJERO
EntCaja;FECHA
EntCaja;RUTA
EntCaja;EntregaNo
EntProvSem;CodPais
EntProvSem;Dealer
EntProvSem;Tda
EntProvSem;Proveedor
EntradaDatos;CodPais
EntradaDatos;Dealer
EntradaDatos;Mes
EntradaDatos;Año
EntradaDatos;Dependencia
EntregaAbono;CodPais
EntregaAbono;Dealer
EntregaAbono;Tda
EntregaAbono;TipoDoc
EntregaAbono;SerieDoc
EntregaAbono;Docno
EntregaAbono;ValorAbono
EntregaAbono;FechaAbono
EntregaProd;CodPais
EntregaProd;Dealer
EntregaProd;Serie
EntregaProd;OrdenNo
EntregaProd;Fecha
EntregaProd;Bodega
EntregaProd;Codigo
EntregaTemp;CodPais
EntregaTemp;Dealer
EntregaTemp;Tda
EntregaTemp;Serie
EntregaTemp;TipoDoc
EntregaTemp;DocNo
EntregaTemp;Bodega
EntregaTemp;Codigo
EntregaTemp;TipoUnidad
EntregaTemp;LineaNo
EnvioLiqTemp;CodPais
EnvioLiqTemp;Dealer
EnvioLiqTemp;Tda
EnvioLiqTemp;CompraNo
Equipo;CodPais
Equipo;Dealer
Equipo;EquipoId
Equivalencia;CodPais
Equivalencia;Dealer
Equivalencia;Letra
Errorlog;CodPais
Errorlog;Dealer
Errorlog;Tda
Errorlog;Fecha
Errorlog;Hora
Errorlog;Usuario
Errorlog;Programa
Errorlog;No
ErrorResult;CodPais
ErrorResult;Dealer
ErrorResult;Tda
ErrorResult;Fecha
ErrorResult;Hora
ErrorResult;Usuario
ErrorResult;Programa
EscalaPrecio;CodPais
EscalaPrecio;Dealer
EscalaPrecio;Codigo
EscalaPrecio;Tipo_cliente
EscalaPrecio;Max
EscalaPrecioHist;CodPais
EscalaPrecioHist;Dealer
EscalaPrecioHist;Codigo
EscalaPrecioHist;Tipo_cliente
EscalaPrecioHist;Max
EscalaPrecioHist;Fecha
EscenarioDTE;CodPais
EscenarioDTE;CodFrase
EscenarioDTE;CodEscenario
EstablecimientoMH;CodPais
EstablecimientoMH;Dealer
EstablecimientoMH;Tda
EstablecimientoMH;TipoEstablecimiento
EstadoFam;CodPais
EstadoFam;Dealer
EstadoFam;CodigoEmpleado
EstadoFam;Pariente
EstadoFamiliar;CodPais
EstadoFamiliar;Dealer
EstadoFamiliar;CodigoEmpleado
EstadoFamiliar;Parientes
EstCtaGlobal;CodPais
EstCtaGlobal;Dealer
EstCtaGlobal;Cliente
EvalAsPecto;CodPais
EvalAsPecto;Dealer
EvalAsPecto;Aspecto
EvalEducacion;CodPais
EvalEducacion;Dealer
EvalEducacion;Detalles
EvalExperienc;CodPais
EvalExperienc;Dealer
EvalExperienc;Descripcion
EvalPersonalid;CodPais
EvalPersonalid;Dealer
EvalPersonalid;Personalidad
Evaluacion;CodPais
Evaluacion;Dealer
Evaluacion;Fecha
Evaluacion;SolicitudNo
ExamMdco;CodPais
ExamMdco;Dealer
ExamMdco;Empleado
ExamMdco;TipoExamen
ExamMdco;FechaExamen
ExcepcionDocumentos;Correlativo
ExcPresup;CodPais
ExcPresup;Dealer
ExcPresup;Tda
ExcPresup;Cuenta
ExcPresup;CentroCosto
Existencia;CodPais
Existencia;Dealer
Existencia;Tda
Existencia;Bodega
Existencia;Codigo
Existencia;Usuario
ExistenciaCompra;CodPais
ExistenciaCompra;Dealer
ExistenciaCompra;Tda
ExistenciaCompra;Codigo
ExistenciaCompra;PTda
ExistenciaCompra;POrdenNo
ExistenciaCompra;Usuario
ExistenciaCompra;TipoUnidad
ExistenciaCosto;CodPais
ExistenciaCosto;Dealer
ExistenciaCosto;Tda
ExistenciaCosto;Bodega
ExistenciaCosto;Codigo
ExistenciaCosto;Usuario
ExperienciaLaboral;CodPais
ExperienciaLaboral;Dealer
ExperienciaLaboral;Codigo
ExperienciaLaboral;CargoDesempeñado
ExperienciaLaboralSolicitud;CodPais
ExperienciaLaboralSolicitud;Dealer
ExperienciaLaboralSolicitud;SolicitudNo
ExperienciaLaboralSolicitud;Empresa
FactAnterior;CodPais
FactAnterior;Dealer
FactAnterior;Tda
FactAnterior;TipoDoc
FactAnterior;Serie
FactAnterior;DocNo
FactAnulada;CodPais
FactAnulada;Dealer
FactAnulada;Tda
FactAnulada;DocNo
FactAnulada;TipoDoc
FactAnulada;Serie
FactContrato;CodPais
FactContrato;Dealer
FactContrato;Tda
FactContrato;ContratoNo
FactContrato;LineaNo
FactContratos;CodPais
FactContratos;Dealer
FactContratos;Tda
FactContratos;ContratoNo
FactContratos;Linea
FactCxC;CodPais
FactCxC;Dealer
FactCxC;Tda
FactCxC;TipoDoc
FactCxC;Serie
FactCxC;DocNo
FactCxP;CodPais
FactCxP;Dealer
FactCxP;Tda
FactCxP;TipoDoc
FactCxP;Serie
FactCxP;DocNo
FactCxP;Proveedor
FactCxP;Usuario
FactEntrega;CodPais
FactEntrega;Dealer
FactEntrega;Tda
FactEntrega;SerieDoc
FactEntrega;TipoDoc
FactEntrega;DocNo
FactEntrega;Bodega
FactEntrega;Codigo
FactEntrega;IDEntrega
FactEntrega;TipoUnidad
FactEntrega;LineaNo
FactorManoObraProducto;CodPais
FactorManoObraProducto;Dealer
FactorManoObraProducto;Codigo
FactServicio;CodPais
FactServicio;Dealer
FactServicio;Tda
FactServicio;TipoDoc
FactServicio;DocNo
FactServicio;LineaNo
FactServicio;Serie
FactServicio;CorrLinea
Factura;CodPais
Factura;Dealer
Factura;Tda
Factura;Serie
Factura;TipoDoc
Factura;DocNo
FacturaAbono;CodPais
FacturaAbono;Dealer
FacturaAbono;Tda
FacturaAbono;Serie
FacturaAbono;TipoDoc
FacturaAbono;DocNo
FacturaAbono;LineaNo
FacturaAnterior;CodPais
FacturaAnterior;Dealer
FacturaAnterior;Tda
FacturaAnterior;Serie
FacturaAnterior;TipoDoc
FacturaAnterior;DocNo
FacturaAnteriorAnterior;CodPais
FacturaAnteriorAnterior;Dealer
FacturaAnteriorAnterior;Tda
FacturaAnteriorAnterior;Serie
FacturaAnteriorAnterior;TipoDoc
FacturaAnteriorAnterior;DocNo
FacturaDespBodega;Id
FacturaGuardada;CodPais
FacturaGuardada;Dealer
FacturaGuardada;Tda
FacturaGuardada;TipoDoc
FacturaGuardada;SerieDoc
FacturaGuardada;DocNo
FacturaInventario;CodPais
FacturaInventario;Dealer
FacturaInventario;Tda
FacturaInventario;TipoDoc
FacturaInventario;SerieDoc
FacturaInventario;DocNo
FacturaMasa;CodPais
FacturaMasa;Dealer
FacturaMasa;Tda
FacturaMasa;No
FacturaPeso;CodPais
FacturaPeso;Dealer
FacturaPeso;Tda
FacturaPeso;TipoDoc
FacturaPeso;Serie
FacturaPeso;DocNo
FacturaPrint;CodPais
FacturaPrint;Dealer
FacturaPrint;Tda
FacturaPrint;Serie
FacturaPrint;TipoDoc
FacturaPrint;DocNo
FacturaTemp;CodPais
FacturaTemp;Dealer
FacturaTemp;Tda
FacturaTemp;Serie
FacturaTemp;TipoDoc
FacturaTemp;DocNo
FacturaTemporal;CodPais
FacturaTemporal;Dealer
FacturaTemporal;Tda
FacturaTemporal;Serie
FacturaTemporal;Tipodoc
FacturaTemporal;DocNo
FacturaTemporal;Codigo
FacturaTemporalAv;id
FechaProduccion;CodPais
FechaProduccion;Dealer
FechaProduccion;Tda
FechaProduccion;Fecha
FechasCierre;CodPais
FechasCierre;Dealer
FechasCierre;Tda
FechasCierre;OT
FechasdeProduccion;CodPais
FechasdeProduccion;Dealer
FechasdeProduccion;Fecha
FEL;CodPais
FEL;Dealer
FEL;Tda
FEL;TipoDoc
FEL;Serie
FEL;DocNo
FELSV;CodPais
FELSV;Dealer
FELSV;Tda
FELSV;TipoDoc
FELSV;Serie
FELSV;DocNo
Firma;CodPais
Firma;Dealer
Firma;Tda
Firma;Codigo
FlujoCaja;CodPais
FlujoCaja;Dealer
FlujoCaja;Rubro
FlujoCaja;Nivel
FlujoCaja;Subnivel
FormaPago;CodPais
FormaPago;Dealer
FormaPago;Codigo
FormasPago;CodPais
FormasPago;Dealer
FormasPago;Codigo
Formato;CodPais
Formato;Dealer
Formato;Codigo
Formato;TipoDoc
FormatoBoletaMedica;CodPais
FormatoBoletaMedica;Dealer
FormatoBoletaMedica;Codigo
FormatoBoletaMedica;OrdenNo
FormulaProd;CodPais
FormulaProd;Dealer
FormulaProd;Codigo
FormulaProd;Correlativo
FormularioFiscalia;CodPais
FormularioFiscalia;Dealer
FormularioFiscalia;Tienda
FormularioFiscalia;Cliente
FormularioFiscalia;Correlativo
Fotografia;CodPais
Fotografia;Dealer
Fotografia;Empleado
FraseDTE;CodPais
FraseDTE;CodFrase
FraseFEL;CodPais
FraseFEL;Dealer
FraseFEL;Tda
FraseFEL;Doc
FraseFEL;Frase
Galera;CodPais
Galera;Dealer
Galera;Granja
Galera;Galera
GastoDirectoProd;CodPais
GastoDirectoProd;Dealer
GastoDirectoProd;Correlativo
GastoDirectoProd;Orden
GastoDirectoProd;Serie
GastoEspecifico;CodPais
GastoEspecifico;Dealer
GastoEspecifico;TipoGasto
GastoEspecifico;TipoOrden
GastoFijo;CodPais
GastoFijo;Dealer
GastoFijo;Correlativo
GastoGuentaCC;CodPais
GastoGuentaCC;Dealer
GastoGuentaCC;CuentaContable
GastoGuentaCC;CdCosto
GastoIndirectoProd;CodPais
GastoIndirectoProd;Dealer
GastoIndirectoProd;Orden
GastoIndirectoProd;Fecha
GastoIndirectoProd;Rubro
GastoIndirectoProd;Serie
GastoOT;CodPais
GastoOT;Dealer
GastoOT;Tda
GastoOT;OT
GastoOT;Corr
GastoOT;Tecnico
GastRetaceo;CodPais
GastRetaceo;Dealer
GastRetaceo;Tda
GastRetaceo;RetaceoNo
GastRetaceo;Linea
GENEROS;Codigo
GeoposicionCliente;CodPais
GeoposicionCliente;Dealer
GeoposicionCliente;ClienteNo
Gestion;CodPais
Gestion;Dealer
Gestion;Gestion
GiftCard;CodPais
GiftCard;Dealer
GiftCard;No
GiroNegocio;CodPais
GiroNegocio;ActividadEconomica
GiroNegocio;Giro
GRADOS;CodPais
GRADOS;Dealer
GRADOS;Nivel
GRADOS;Codigo
Granja;CodPais
Granja;Dealer
Granja;Granja
GroupMembers;CodPais
GroupMembers;Dealer
GroupMembers;GrupoNumero
GroupMembers;Nombre
GroupRights;GrupoCliente
GroupRights;Groups
GroupRights;RightRGT
Groups;GroupID
GrupoBanco;CodPais
GrupoBanco;Dealer
GrupoBanco;CuentaBanco
GrupoBoton;CodPais
GrupoBoton;Dealer
GrupoBoton;Tda
GrupoBoton;ID
GrupoCliente;Codigo
GrupoDescuento;CodPais
GrupoDescuento;Dealer
GrupoDescuento;ClienteNo
GrupoDescuento;TipoDesc
GrupoDescuento;Grupo
GrupoFamiliar;CodPais
GrupoFamiliar;Dealer
GrupoFamiliar;Codigo
GrupoFamiliar;Parentesco
GrupoFamiliar;NombreCompleto
GrupoProducto;CodPais
GrupoProducto;Grupo
GruposDerechos;GrupoCliente
GruposDerechos;Grupo
GuiaDigitacion;CodPais
GuiaDigitacion;Dealer
GuiaDigitacion;Usuario
GuiaLiquidacion;CodPais
GuiaLiquidacion;Dealer
GuiaLiquidacion;Password
GuiaRevision;CodPais
GuiaRevision;Dealer
GuiaRevision;Fecha
GuiaRevMarca;CodPais
GuiaRevMarca;Dealer
GuiaRevMarca;Fecha
Herramienta;CodPais
Herramienta;Dealer
Herramienta;Contrato
Herramienta;Descripcion
Herramienta;Estado
HistorialGestion;CodPais
HistorialGestion;Dealer
HistorialGestion;Fecha
HistorialGestion;Hora
HistorialGestion;ClienteNo
HojaLiquidacion;CodPais
HojaLiquidacion;Dealer
HojaLiquidacion;Tda
HojaLiquidacion;LiquidacionNo
HojaProduccion;CodPais
HojaProduccion;Dealer
HojaProduccion;Tda
HojaProduccion;HojaNo
HoraExtra;CodPais
HoraExtra;Dealer
HorarioTurno;CodPais
HorarioTurno;Dealer
HorarioTurno;Codigo
Idoneidad;CodPais
Idoneidad;Dealer
Idoneidad;Conocimientos
IdOrdenCompra;CodPais
IdOrdenCompra;Dealer
IdOrdenCompra;Tda
IdOrdenCompra;OrdenCompra
ImpDevDesc;CodPais
ImpDevDesc;Dealer
ImpDevDesc;Planilla
ImpDevDesc;Empleado
ImpDevDesc;Codigo
Importacion;CodPais
Importacion;Dealer
Importacion;ImportacionNo
ImportBono;Codpais
ImportBono;Dealer
ImportBono;Empleado
ImportCatalogo;CodPais
ImportCatalogo;Dealer
ImportCatalogo;Codigo
ImportCatalogo;Usuario
ImportCliente;CodPais
ImportCliente;Dealer
ImportCliente;ClienteNo
ImportCliente;Usuario
ImportDevengo;CodPais
ImportDevengo;Dealer
ImportDevengo;Planilla
ImportDevengo;Empleado
ImportDevengo;CodigoDev
ImportDevengo;Valor
ImportEmpleado;CodPais
ImportEmpleado;Dealer
ImportEmpleado;Numero
ImportEmpleado;Usuario
ImportFELSVFact;CodPais
ImportFELSVFact;Dealer
ImportFELSVFact;Tda
ImportFELSVFact;TipoDoc
ImportFELSVFact;Serie
ImportFELSVFact;DocNo
ImportFELSVFact;LineaNo
ImportInventario;CodPais
ImportInventario;Dealer
ImportInventario;Codigo
ImportOrdenCompra;CodPais
ImportOrdenCompra;Dealer
ImportOrdenCompra;Tda
ImportOrdenCompra;OrdenNo
ImportOrdenCompra;LineaNo
ImportPlanillaGranja;CodPais
ImportPlanillaGranja;Dealer
ImportPlanillaGranja;Empleado
ImportPlanillaGranja;Usuario
ImportPrecioAv;CodPais
ImportPrecioAv;Dealer
ImportPrecioAv;TipoCliente
ImportPrecioAv;Codigo
ImportPrecioConAv;CodPais
ImportPrecioConAv;Dealer
ImportPrecioConAv;ClienteNo
ImportPrecioConAv;Codigo
ImportProveedor;CodPais
ImportProveedor;Dealer
ImportProveedor;Codigo
ImportProveedor;Usuario
ImprimirNR;CodPais
ImprimirNR;Dealer
ImprimirNR;Tda
ImprimirNR;Usuario
ImprimirNR;SerieNR
ImprimirNR;NRNo
Impuesto;CodPais
Impuesto;Dealer
Impuesto;Codigo
ImpuestoDet;CodPais
ImpuestoDet;Dealer
ImpuestoDet;Codigo
ImpuestoDet;CodDte
ImpuestoDTE;CodPais
ImpuestoDTE;Codigo
Inasistencia;CodPais
Inasistencia;Dealer
Inasistencia;Codigo
Inasistencia;Fecha
Incoterm;CodPais
Incoterm;Codigo
IncotermFEL;CodPais
IncotermFEL;Codigo
IngCaja;CodPais
IngCaja;Dealer
IngCaja;Tda
IngCaja;IngresoCaja
IngCajaAv;CodPais
IngCajaAv;Dealer
IngCajaAv;Tda
IngCajaAv;IngresoCaja
IngDevVtas;CodPais
IngDevVtas;Dealer
IngDevVtas;Tda
IngDevVtas;IngresoNo
IngHoraExtra;CodPais
IngHoraExtra;Dealer
IngHoraExtra;Fecha
IngHoraExtra;Empleado
IngresoBodega;CodPais
IngresoBodega;Dealer
IngresoBodega;Tda
IngresoBodega;IngresoNo
INGRESOSCAJA;CodPais
INGRESOSCAJA;Dealer
INGRESOSCAJA;Tda
INGRESOSCAJA;Cajero
INGRESOSCAJA;NoIngreso
INGRESOSCAJA;Correlativo
IngresoTienda;CodPais
IngresoTienda;Dealer
IngresoTienda;Tienda
IngresoTienda;IngresoNo
InscripISSS;CodPais
InscripISSS;Dealer
InscripISSS;PatronalNo
IntegracionCapital;Codpais
IntegracionCapital;Dealer
IntegracionCapital;Tda
IntegracionCapital;CuentaContable
IntegracionCapital;Descripcion
Inventario;CodPais
Inventario;Dealer
Inventario;Codigo
InventarioEmpaque;CodPais
InventarioEmpaque;Dealer
InventarioEmpaque;Codigo
InventarioEmpaque;Empaque
InventarioFisico;CodPais
InventarioFisico;Dealer
InventarioFisico;Tipo
InventarioFisico;Numero
InventarioFisico;Tda
InventarioMargen;CodPais
InventarioMargen;Dealer
InventarioMargen;Codigo
InvFisico;CodPais
InvFisico;Dealer
InvFisico;Codigo
InvFisico;CostoUnitario
InvFisico;Cantidad
InvFisico;Usuario
InvFisicoRutas;CodPais
InvFisicoRutas;Dealer
InvFisicoRutas;Ruta
InvFisicoRutas;Fecha
InvFisicoRutas;Codigo
ISR;CodPais
ISR;Tipo
ISR;PeriodoPago
ISR;Desde
ISR;Hasta
IsssEdicion;CodPais
IsssEdicion;Dealer
IsssEdicion;NumPatronal
IsssEdicion;Periodo
IsssEdicion;CentroTrabajo
IsssEdicion;Empleado
ItemFactura;CodPais
ItemFactura;Dealer
ItemFactura;Tda
ItemFactura;Documento
ItemFactura;Correlativo
Kit;CodPais
Kit;Dealer
Kit;CodKit
Kit;CodComp
KitPV;CodPais
KitPV;Dealer
KitPV;Tda
KitPV;Usuario
KitPV;Corr
KitPVCola;CodPais
KitPVCola;Dealer
KitPVCola;Tda
KitPVCola;Usuario
KitPVCola;Corr
KitPVCola;Linea
KitPVCola;NoCola
KitPVCola;Terminal
Linea;CodPais
Linea;Dealer
Linea;Linea
LineaDesc;CodPais
LineaDesc;Dealer
LineaDesc;LineaDesc
LineaProceso;CodPais
LineaProceso;Dealer
LineaProceso;Linea
LineaProceso;Codigo
LineaProd;CodPais
LineaProd;Linea
LineaProdAv;CodPais
LineaProdAv;Dealer
LineaProdAv;Codigo
LINEAS_NC;CodPais
LINEAS_NC;Dealer
LINEAS_NC;Tda
LINEAS_NC;No
LINEAS_NC;Serie_NC
LINEAS_NC;Linea_No
LineasNDevA;CodPais
LineasNDevA;Dealer
LineasNDevA;Devolucion_No
LineasNDevA;Correlativo
LineasPV;CodPais
LineasPV;Dealer
LineasPV;Tda
LineasPV;Usuario
LineasPV;Corr
LineasPV_Final;CodPais
LineasPV_Final;Dealer
LineasPV_Final;Tda
LineasPV_Final;Usuario
LineasPV_Final;Corr
LineasPVCola;CodPais
LineasPVCola;Dealer
LineasPVCola;Tda
LineasPVCola;Usuario
LineasPVCola;NoCola
LineasPVCola;Corr
LineasPVCola;Terminal
LinIngBodega;CodPais
LinIngBodega;Dealer
Links;UR_UG_GR
Links;UserID_UserID_GroupID
Links;RightID_GroupID_RightID
LiqCajaChica;CodPais
LiqCajaChica;Dealer
LiqCajaChica;Tda
LiqCajaChica;LiqNo
LiqCerr;CodPais
LiqCerr;Dealer
LiqCerr;Tda
LiqCerr;Ruta
LiqCerr;Fecha
LiqCerr;FechaCierre
Liquidacion;CodPais
Liquidacion;Dealer
Liquidacion;Tda
Liquidacion;LiquidacionNo
LiquidadoresdeCaja;CodPais
LiquidadoresdeCaja;Dealer
LiquidadoresdeCaja;Codigo
ListaCumplimiento;CodPais
ListaCumplimiento;Correlativo
ListaCumplimiento;TipoPersona
ListaCumplimiento;Nombre
ListadoPrecio;CodPais
ListadoPrecio;Dealer
LlegadaTarde;CodPais
LlegadaTarde;Dealer
LlegadaTarde;Empleado
LlegadaTarde;CodigoVariable
LlegadaTarde;FechaGrabacion
LlegadaTarde;CorrelativoVariables
LogCodificacionCompra;CodPais
LogCodificacionCompra;Dealer
LogCodificacionCompra;Tda
LogCodificacionCompra;CompraNo
LogCodificacionCompra;Correlativo
LogCompra;ID
LogDetAnulacion;ID
LogDetCompra;ID
LogDetFactura;ID
LogDetNCProveedor;ID
LogDetNotaCredito;ID
LogExistenciasMov;id
LogNCProveedor;ID
LogNotaCredito;ID
LogOrdenComprasCallejas;id
LogRecepcionCompra;CodPais
LogRecepcionCompra;Dealer
LogRecepcionCompra;Tda
LogRecepcionCompra;CompraNo
LogRecepcionCompra;LineaNo
LogsAdminTool;Id
LoteManada;CodPais
LoteManada;Dealer
LoteManada;TipoOrden
LoteManada;Linea
LoteManada;Codigo
LoteManada;Granja
LoteManada;Manada
LoteManada;Lote
LoteSerie;CodPais
LoteSerie;Dealer
LoteSerie;Codigo
LoteSerie;Bodega
LoteSerie;SIM
LoteSerie;IMEI
LoteSerie;SerieNo
MacAddress;CodPais
MacAddress;Dealer
MacAddress;MacAddress
MagicGroup;Grupo
MagicINI;Grupo
MagicINI;Atributo
MagicINI;Valor
MagicPrinter;CodPais
MagicPrinter;Dealer
MagicPrinter;Nombre
MailTemplate;CodPais
MailTemplate;Dealer
MailTemplate;Codigo
MailVariable;CodPais
MailVariable;Dealer
MailVariable;ID
Manada;CodPais
Manada;Dealer
Manada;Codigo
Manada;Granja
Manada;Manada
ManoObraOT;CodPais
ManoObraOT;Dealer
ManoObraOT;Tda
ManoObraOT;OT
ManoObraOT;Tecnico
ManoObraOT;FechaContable
ManoObraOT;FechaTrabajo
ManoObraProd;CodPais
ManoObraProd;Dealer
ManoObraProd;Serie
ManoObraProd;Orden
ManoObraProd;Correlativo
ManoObraProd;Fecha
ManoObraProd;Realizador
Maquinaria;CodPais
Maquinaria;Dealer
Maquinaria;Codigo
Marcacion;CodPais
Marcacion;Dealer
Marcacion;Codigo
Marcacion;Flag
Marcacion;Fecha
Marcacion;Hora
MarcaProducto;Marca
MaterialesGasto;CodPais
MaterialesGasto;Dealer
MaterialesGasto;Tda
MaterialesGasto;OT
MaterialesGasto;ReqNo
MaterialesGasto;TipoReq
MaterialesGasto;Codigo
MaterialesProduccion;CodPais
MaterialesProduccion;Dealer
MaterialesProduccion;TipoRequisicion
MaterialesProduccion;Req_No
MaterialesProduccion;SerieReq
MaterialOT;CodPais
MaterialOT;Dealer
MaterialOT;Tda
MaterialOT;Serie
MaterialOT;TipoReq
MaterialOT;ReqNo
MaterialProduccion;CodPais
MaterialProduccion;Dealer
MaterialProduccion;TipoRequisicion
MaterialProduccion;SerieOrden
MaterialProduccion;OrdenNo
MATERIAS;CodPais
MATERIAS;Dealer
MATERIAS;Codigo
MATRICULA;CodPais
MATRICULA;Dealer
MATRICULA;CodAlumno
MATRICULA;CodAnio
MATRICULA;CodGrado
MatrizProductoEmpresa;Canal
MatrizProductoEmpresa;Codigo
MatrizProductoEmpresa;Dealer
MatrizProductoEmpresa;Zona
MDOCodigo;CodPais
MDOCodigo;Dealer
MDOCodigo;Codigo_Producto
MedicinaAv;CodPais
MedicinaAv;Dealer
MedicinaAv;Serie
MedicinaAv;OrdenNo
MedicinaAv;Fecha
MedicinaAv;Medicina
Medico;CodPais
Medico;Dealer
Medico;Codigo
MedicoLCD;CodPais
MedicoLCD;Dealer
MedicoLCD;Codigo
MedicoTemporal;CodPais
MedicoTemporal;Dealer
MedicoTemporal;Codigo
Menu;CodPais
Menu;Dealer
Menu;Tda
Menu;Fecha
Menu;Tiempo
Menu;No
MenuOptDerechos;Orden_Nodo
MenuOptDerechos;Orden
MenuPersonal;Orden_Nodo
MenuPersonal;Orden
MenuPersonal;Usuario
Mesas;CodPais
Mesas;Dealer
Mesas;Tda
Mesas;MesaNo
MesContable;CodPais
MesContable;Dealer
MesContable;Mes
Meses;Codigo
MESES_COBRO;CodPais
MESES_COBRO;Dealer
MESES_COBRO;Codigo
MesFlujoCaja;CodPais
MesFlujoCaja;Dealer
MesFlujoCaja;Mes
MesFlujoCaja;Año
MesPresupuesto;CodPais
MesPresupuesto;Dealer
MesPresupuesto;Mes
MiembroComite;CodPais
MiembroComite;Dealer
MiembroComite;Usuario
MinMax;CodPais
MinMax;Dealer
MinMax;Codigo
MinMax;Mes
Modulo;GrupoCliente
Modulo;Modulo
Modulo;Programa
Molde;CodPais
Molde;Dealer
Molde;Codigo
Moneda;ISO
MotivoCierre;CodPais
MotivoCierre;MotivoCierre
MotivoCompra;CodPais
MotivoCompra;Dealer
MotivoCompra;CdCosto
MotivoCompra;Motivo
MotivoNoConforme;CodPais
MotivoNoConforme;Codigo
MotivoRecord;CodPais
MotivoRecord;Dealer
MotivoRecord;Tipo
MotivoRequisicion;CodPais
MotivoRequisicion;Dealer
MotivoRequisicion;Codigo
MotivosDevolucion;CodPais
MotivosDevolucion;Dealer
MotivosDevolucion;Codigo
Motorista;CodPais
Motorista;Dealer
Motorista;Codigo
MovBanco;CodPais
MovBanco;Dealer
MovBanco;Fecha
MovBanco;CtaContable
MovBanco;Tipo
MovBanco;Documento
MovDispo;CodPais
MovDispo;Dealer
MovDispo;Fecha
MovDispo;CtaContable
MovDispo;Tipo
MovDispo;Documento
MovDispo;CargoReal
MovDispo;Abono
MovDispo;Concepto
Movimiento;CodPais
Movimiento;Dealer
Movimiento;Mes
Movimiento;Fecha
Movimiento;Partida
Movimiento;Correlativo
MovimientoError;CodPais
MovimientoError;Dealer
MovimientoError;Mes
MovimientoError;Fecha
MovimientoError;Partida
MovimientoError;Correlativo
MovimientoPresup;CodPais
MovimientoPresup;Dealer
MovimientoPresup;Mes
MovimientoPresup;Fecha
MovimientoPresup;Partida
MovimientoPresup;Correlativo
MOVIMIENTOS;CodPais
MOVIMIENTOS;Dealer
MOVIMIENTOS;Cuenta
MOVIMIENTOS;TipoMov
MOVIMIENTOS;Boleta
MOVIMIENTOS;ID
MovimientoTemporal;CodPais
MovimientoTemporal;Dealer
MovimientoTemporal;Mes
MovimientoTemporal;Fecha
MovimientoTemporal;Partida
MovimientoTemporal;Correlativo
MovimientoTemporal;Usuario
MovMateriales;CodPais
MovMateriales;Dealer
MovMateriales;Orden
MovMateriales;Fecha
MovMateriales;Tipo
MovMateriales;Numero
MovMateriales;Bodega
MovMateriales;Codigo
MovMateriales;Serie
MovPend;CodPais
MovPend;Dealer
MovPend;Mes
MovPend;Banco
MovPend;Tipo
MovPend;Documento
MovPend;FechaAplicado
MovTemp;CodPais
MovTemp;Dealer
MovTemp;Tda
MovTemp;Cuenta
MovTemp;Serie
MovTemp;ChequeNo
MovTemp;Correlativo
MSerieInvFisico;CodPais
MSerieInvFisico;Dealer
MSerieInvFisico;Codigo
MSerieInvFisico;Lectura
MSerieInvFisico;Cantidad
Municipio;CodPais
Municipio;Codigo
N_CREDITO;CodPais
N_CREDITO;Dealer
N_CREDITO;Tda
N_CREDITO;No
N_CREDITO;Serie_NC
NcProveedor;CodPais
NcProveedor;Dealer
NcProveedor;Tda
NcProveedor;NoNotaAbono
NcProveedor;Proveedor
NcProveedor;Serie
NCRetencion;CodPais
NCRetencion;Dealer
NCRetencion;Tda
NCRetencion;SerieNC
NCRetencion;No
NivelEducacion;CodPais
NivelEducacion;Dealer
NivelEducacion;Nivel
Niveles;CodPais
Niveles;Dealer
Niveles;Codigo
NivelTecnico;CodPais
NivelTecnico;Dealer
NivelTecnico;CodNivel
NominaEmpleado;CodPais
NominaEmpleado;Dealer
NominaEmpleado;Numero
NotaAbono;CodPais
NotaAbono;Dealer
NotaAbono;Tda
NotaAbono;Serie
NotaAbono;DocNo
NotaCotizacion;CodPais
NotaCotizacion;Dealer
NotaCotizacion;Tda
NotaCotizacion;Tipo
NotaCotizacion;Correlativo
NotaCotizacion;Proveedor_Numero
NotaCredito;CodPais
NotaCredito;Dealer
NotaCredito;Tda
NotaCredito;SerieNC
NotaCredito;No
NotaCredito;NotaAbono
NotaHojaProduccion;CodPais
NotaHojaProduccion;Dealer
NotaHojaProduccion;Tda
NotaHojaProduccion;Hoja
NotaHojaProduccion;LineaNo
NotaOrdene;CodPais
NotaOrdene;Dealer
NotaOrdene;Tda
NotaOrdene;Correlativo
NotaOrdenes;CodPais
NotaOrdenes;Dealer
NotaOrdenes;Tda
NotaOrdenes;Correlativo
NotaPedido;CodPais
NotaPedido;Dealer
NotaPedido;Tda
NotaPedido;Tipo
NotaPedido;Correlativo
NotaPlanilla;CodPais
NotaPlanilla;Dealer
NotaPlanilla;Planilla
NotaPlanilla;Empleado
NotaRemision;CodPais
NotaRemision;Dealer
NotaRemision;Tda
NotaRemision;RemisionNo
NotasDevolucionA;CodPais
NotasDevolucionA;Dealer
NotasDevolucionA;Devolucion_No
NotasPV;CodPais
NotasPV;Dealer
NotasPV;Tda
NotasPV;Usuario
NotasPV;LineaNo
NotasPV;CorrLinea
NotasPVCola;CodPais
NotasPVCola;Dealer
NotasPVCola;Tda
NotasPVCola;Usuario
NotasPVCola;LineaNo
NotasPVCola;CorrLinea
NotasPVCola;NoCola
NotasPVCola;Terminal
NotaTarja;CodPais
NotaTarja;Dealer
NotaTarja;Correlativo
NotaTarja;NoContrato
NotaTarja;NoTarja
NPatronal;CodPais
NPatronal;Dealer
NPatronal;Tda
Numero;TipoUnidad
Numero;Numero
NumeroBanco;TipoUnidad
NumeroBanco;Numero
Obligacion;CodPais
Obligacion;Dealer
Obligacion;Contrato
Obligacion;Tipo
Obligacion;Obligacion
ObligAsig;CodPais
ObligAsig;Dealer
ObligAsig;Empleado
ObligAsig;Codigo
Obliglab;CodPais
Obliglab;Dealer
Obliglab;Codigo
OBSERVACIONES;CodPais
OBSERVACIONES;Dealer
OBSERVACIONES;CodTipoFalta
OBSERVACIONES;CodAlumno
OBSERVACIONES;Corr
OCompraTemp;CodPais
OCompraTemp;Dealer
OCompraTemp;Usuario
OCompraTemp;Codigo
OCompraTemp;Presentacion
OCSel;CodPais
OCSel;Dealer
OCSel;Tda
OCSel;OcSelNo
Ocupacion;CodPais
Ocupacion;Dealer
Ocupacion;Codigo
OfertaGlobalVta;CodPais
OfertaGlobalVta;Dealer
OfertaGlobalVta;ID
OfertaVta;CodPais
OfertaVta;Dealer
OfertaVta;Codigo
OfertaVta;FechaDesde
OfertaVta;FechaHasta
Ofrecimientos;CodPais
Ofrecimientos;Dealer
Ofrecimientos;Puesto
Ofrecimientos;Corr
Opcion;CodPais
Opcion;Dealer
Opcion;Tda
Opciones;CodPais
Opciones;Dealer
Opciones;Tda
Opciones;Activo
Operacion;CodPais
Operacion;Dealer
Operacion;Estilo
Operacion;Operacion
Operador;CodPais
Operador;Dealer
Operador;Usuario
OperadorProd;CodPais
OperadorProd;Dealer
OperadorProd;Codigo
OptDivision;CodPais
OptDivision;Dealer
OptDivision;Tda
OptDivision;Division
OrdenCompra;CodPais
OrdenCompra;Dealer
OrdenCompra;Tda
OrdenCompra;OrdenCompra
OrdenCompraCallejas;ID
OrdenCompraSucursales;CodPais
OrdenCompraSucursales;Dealer
OrdenCompraSucursales;Tda
OrdenCompraSucursales;NoOrdenRecibida
OrdenesProduccion;CodPais
OrdenesProduccion;Dealer
OrdenesProduccion;Numero_Orden
OrdenesProduccion;Serie
OrdenFacturada;CodPais
OrdenFacturada;Dealer
OrdenFacturada;Tienda
OrdenFacturada;Serie
OrdenFacturada;TipoDoc
OrdenFacturada;DocNo
OrdenFacturada;OT
OrdenMedicaEmpresarial;CodPais
OrdenMedicaEmpresarial;Dealer
OrdenMedicaEmpresarial;Tda
OrdenMedicaEmpresarial;OrdenNo
OrdenMedicaExterna;CodPais
OrdenMedicaExterna;Dealer
OrdenMedicaExterna;Tda
OrdenMedicaExterna;OrdenNo
OrdenMedicaHospital;CodPais
OrdenMedicaHospital;Dealer
OrdenMedicaHospital;Tda
OrdenMedicaHospital;OrdenNo
OrdenPartida;CodPais
OrdenPartida;Dealer
OrdenPartida;idCosecha
OrdenPartida;SerieOrden
OrdenPartida;OrdenProduccion
OrdenPartida;idPartidaCafe
OrdenProduccion;CodPais
OrdenProduccion;Dealer
OrdenProduccion;Serie
OrdenProduccion;OrdenNo
OrdenRecibo;CodPais
OrdenRecibo;Dealer
OrdenRecibo;idCosecha
OrdenServicio;CodPais
OrdenServicio;Dealer
OrdenServicio;Tda
OrdenServicio;OT
OSCorrelativo;CodPais
OSCorrelativo;Dealer
OSCorrelativo;Tda
OSCorrelativo;Division
OtDocsPresent;CodPais
OtDocsPresent;Dealer
OtDocsPresent;SolicitudNo
OtrosDatosEmpleados;CodPais
OtrosDatosEmpleados;Dealer
OtrosDatosEmpleados;Empleado
OtrosEstudios;CodPais
OtrosEstudios;Dealer
OtrosEstudios;SolicitudNo
OtrosEstudios;CursosSeminarios
PacienteLCD;CodPais
PacienteLCD;Dealer
PacienteLCD;TipoDocumento
PacienteLCD;DocumentoNo
PADRINOS;CodPais
PADRINOS;Dealer
PADRINOS;Codigo
PADRINOS;DPI
PagoEfectivo;CodPais
PagoEfectivo;Dealer
PagoEfectivo;idCosecha
PagoEfectivo;IdPagoEfectivo
PAGOS;CodPais
PAGOS;Dealer
PAGOS;CodAlumno
PAGOS;CodMes
PAGOS;FechaPago
PAGOS;Referencia
PagosTemp;CodPais
PagosTemp;Dealer
PagosTemp;Tda
PagosTemp;Serie
PagosTemp;TipoDoc
PagosTemp;DocNo
PagosTemp;Fecha
PagosTemp;Cajero
PagosTempCxP;CodPais
PagosTempCxP;Dealer
PagosTempCxP;Tda
PagosTempCxP;CompraNo
PagoTarjeta;CodPais
PagoTarjeta;Dealer
PagoTarjeta;Tda
PagoTarjeta;SerieDoc
PagoTarjeta;TipoDoc
PagoTarjeta;DocNo
PagoTarjeta;Valor
PagoVacacion;CodPais
PagoVacacion;Dealer
PagoVacacion;Empleado
PagoVacacion;FechaInicio
Pais;CodPais
PAISES;CodPais
Param;CodPais
Param;Dealer
Param;Tda
Param;Area
Parametros;CodPais
Parametros;Dealer
Parametros;Tda
Parametros;Parametro
ParametrosGlobal;CodPais
ParametrosGlobal;Dealer
ParametrosGlobal;Parametro
ParametrosSFATemp;CodPais
ParametrosSFATemp;Dealer
ParametrosSFATemp;FechaDesde
ParametrosSFATemp;FechaHasta
ParametrosSFATemp;Vendedor
ParamPlanilla;CodPais
ParamPlanilla;Dealer
ParamPlanilla;No
ParBanco;CodPais
ParBanco;Dealer
Parentesco;CodPais
Parentesco;Dealer
Parentesco;Parentesco
Parplanilla;CodPais
Parplanilla;Dealer
PartAct;CodPais
PartAct;Dealer
PartAct;Empleado
PartAct;Codigo
PartActiv;CodPais
PartActiv;Dealer
PartActiv;Empleado
PartActiv;Codigo
Partida;CodPais
Partida;Dealer
Partida;Mes
Partida;Fecha
Partida;Partida
PartidaFija;CodPais
PartidaFija;Dealer
PartidaFija;Departamento
PartidaPresup;CodPais
PartidaPresup;Dealer
PartidaPresup;Mes
PartidaPresup;Fecha
PartidaPresup;Partida
PartTemp;CodPais
PartTemp;Dealer
PartTemp;Tda
PartTemp;Cuenta
PartTemp;Serie
PartTemp;ChequeNo
Pedido;CodPais
Pedido;Dealer
Pedido;Tda
Pedido;Tipo
Pedido;SolicitudNo
PedidoBods;CodPais
PedidoBods;Dealer
PedidoBods;Tda
PedidoBods;TipoPedido
PedidoBods;PedidoNo
PedidoCompra;CodPais
PedidoCompra;Dealer
PedidoCompra;Tda
PedidoCompra;TipoPedido
PedidoCompra;PedidoNo
PedidoCompra;Codigo
PedidoCompra;TipoUnidad
PedidoDescarga;CodPais
PedidoDescarga;Dealer
PedidoDescarga;Tda
PedidoDescarga;PedidoNo
PedidoSugerido;CodPais
PedidoSugerido;Dealer
PedidoSugerido;Tda
PedidoSugerido;Año
PedidoSugerido;SDA
PedidoSugerido;Codigo
PedidoSugerido;LineaNo
PedidoTraslado;CodPais
PedidoTraslado;Dealer
PedidoTraslado;Tda
PedidoTraslado;DeBodega
PedidoTraslado;ParaBodega
PedidoTraslado;TipoPedido
PedidoTraslado;PedidoNo
PedidoTraslado;Codigo
PedidoTraslado;TipoUnidad
PedidoVta;CodPais
PedidoVta;Dealer
PedidoVta;Tda
PedidoVta;TipoPedido
PedidoVta;Pedido
PedidoVtaAbono;Id
PedidoVtaComentarios;Id
PedidoVtaCualidad;CodPais
PedidoVtaCualidad;Dealer
PedidoVtaCualidad;Codigo
PedidoVtaTemp;Usuario
PedidoVtaTemp;Codigo
PerfilPuesto;CodPais
PerfilPuesto;Dealer
PerfilPuesto;Cargo
PerfilPuesto;Corr
Permiso;CodPais
Permiso;Dealer
Permiso;Fecha
Permiso;Empleado
Permiso;Tipo
PersonalTecnico;CodPais
PersonalTecnico;Dealer
PersonalTecnico;Tda
PersonalTecnico;Tecnico
PesosAv;CodPais
PesosAv;Dealer
PesosAv;Serie
PesosAv;OrdenNo
PesosAv;Fecha
PesosRetaceo;CodPais
PesosRetaceo;Dealer
PesosRetaceo;Retaceo
PivotTable;ID
PlanAfiliado;CodPais
PlanAfiliado;Dealer
PlanAfiliado;Empleado
PlanAfiliado;AnyoPlanilla
PlanAfiliado;MesPlanilla
PlanAfiliado;CodAfiliado
PlanCons;CodPais
PlanCons;Dealer
PlanCons;Codigo
Planilla;CodPais
Planilla;Dealer
Planilla;Planilla
PlanillaInformal;CodPais
PlanillaInformal;Dealer
PlanillaInformal;Tda
PlanillaInformal;CompraNo
PlanillaInformal;FacturaNo
PlanillaPaisAFP;CodigoPais
PlanillaPaisAFP;Nombre
PlantCartas;CodPais
PlantCartas;Dealer
PlantCartas;NoPlantilla
PlantCostoMaquinaria;CodPais
PlantCostoMaquinaria;Dealer
PlantCostoMaquinaria;PlantillaNo
PlantCostoMaquinaria;Maquinaria
PlantCotRec;CodPais
PlantCotRec;Dealer
PlantCotRec;Numero
Plantilla;CodPais
Plantilla;Dealer
Plantilla;Numero
PlantillaColor;CodPais
PlantillaColor;Dealer
PlantillaColor;No
PlantillaCosto;CodPais
PlantillaCosto;Dealer
PlantillaCosto;PlantillaNo
PlantillaCotizacion;CodPais
PlantillaCotizacion;Dealer
PlantillaCotizacion;Tda
PlantillaCotizacion;No
PlantillaOC;CodPais
PlantillaOC;Dealer
PlantillaOC;Numero
PlantillaPartida;CodPais
PlantillaPartida;Dealer
PlantillaPartida;PlantillaNo
PlantillasColor;CodPais
PlantillasColor;Dealer
PlantillasColor;No
PlantillaSol;CodPais
PlantillaSol;Dealer
PlantillaSol;Numero
Plaza;CodPais
Plaza;Dealer
Plaza;Empleado
Plaza;Plaza
Plaza;CodigoPatrimonio
Plaza;PuestoFuncion
PorcionesRecetas;CodPais
PorcionesRecetas;Dealer
PorcionesRecetas;Tda
PorcionesRecetas;Fecha
PorcionesRecetas;Tiempo
PorcionesRecetas;Producto
PrecioCliente;CodPais
PrecioCliente;Dealer
PrecioCliente;Tda
PrecioCliente;Codigo
PrecioCliente;ClienteNo
PrecioContrato;CodPais
PrecioContrato;Dealer
PrecioContrato;ClienteNo
PrecioContrato;Codigo
PrecioEspecial;CodPais
PrecioEspecial;Dealer
PrecioEspecial;Cliente
PrecioEspecial;Codigo
PrecioEspecial;Desde
PrecioEspecial;Hasta
PrecioEspecialSub;CodPais
PrecioEspecialSub;Dealer
PrecioEspecialSub;Cliente
PrecioEspecialSub;Sublinea
PrecioEspecialSub;Desde
PrecioEspecialSub;Hasta
PrecioPVSubLinea;CodPais
PrecioPVSubLinea;Dealer
PrecioPVSubLinea;Bodega
PrecioPVSubLinea;SubLinea
PrecioPVSubLinea;Codigo
PrecioPVSubLinea;Usuario
Precios;CodPais
Precios;Dealer
Precios;Codigo
Precios;Desde
Precios;Hasta
PreciosdeCompra;CodPais
PreciosdeCompra;Dealer
PreciosdeCompra;FechaDesde
PreciosdeCompra;FechaHasta
PreciosdeCompra;Producto
PreciosSubProductos;CodPais
PreciosSubProductos;Dealer
PreciosSubProductos;Fecha
PreciosSubProductos;Codigo
PrecioTda;CodPais
PrecioTda;Dealer
PrecioTda;Tda
PrecioTda;Codigo
PrecioTda;TipoCliente
Preliquidacion;CodPais
Preliquidacion;Dealer
Preliquidacion;Tda
Preliquidacion;LiquidacionNo
PreparacionAcademica;CodPais
PreparacionAcademica;Dealer
PreparacionAcademica;Codigo
PreparacionAcademica;Nivel
PreparacionRecetas;CodPais
PreparacionRecetas;Dealer
PreparacionRecetas;Tda
PreparacionRecetas;Fecha
PreparacionRecetas;Tiempo
PreparacionRecetas;Producto
PreparacionRecetas;Ingrediente
PreparacionRecetas;Cantidad
PrepaRecetas;CodPais
PrepaRecetas;Dealer
PrepaRecetas;Tda
PrepaRecetas;Fecha
PrepaRecetas;Tiempo
PrepaRecetas;Producto
PrepPedido;CodPais
PrepPedido;Dealer
PrepPedido;Tda
PrepPedido;TipoPedido
PrepPedido;PedidoNo
PrepPedido;Bodega
PrepPedido;Codigo
PresGlo;CodPais
PresGlo;Dealer
PresGlo;Codigo
PresGlo;Fecha
PresMaterial;CodPais
PresMaterial;Dealer
PresMaterial;Orden
PresMaterial;Codigo
PresMaterial;Correlativo
Prestacion;CodPais
Prestacion;Dealer
Prestacion;Codigo
PrestASig;CodPais
PrestASig;Dealer
PrestASig;CodigioEmpleado
PrestASig;Codigo
PresuPer;CodPais
PresuPer;Dealer
PresuPer;Codigo
PresuPer;Fecha
PresupMaterial;CodPais
PresupMaterial;Dealer
PresupMaterial;Orden
PresupMaterial;Codigo
PresupMaterial;Correlativo
PRESUPUESTO_PROYECTOS;Id
PresupuestoGlobal;CodPais
PresupuestoGlobal;Dealer
PresupuestoGlobal;Codigo
PresupuestoGlobal;Fecha
PresupuestoPersona;CodPais
PresupuestoPersona;Dealer
PresupuestoPersona;Codigo
PresupuestoPersona;Fecha
PresupuestoProyecto;CodPais
PresupuestoProyecto;Dealer
PresupuestoProyecto;Tda
PresupuestoProyecto;Id
Procedimiento;CodPais
Procedimiento;Codigo
ProcesoProdTemp;CodPais
ProcesoProdTemp;Dealer
ProcesoProdTemp;Operador
ProcesoProdTemp;Proceso
ProcesoProdTemp;Usuario
ProcesoProductivo;CodPais
ProcesoProductivo;Dealer
ProcesoProductivo;Codigo
ProdMotivoBuque;Cod
ProdMotivoBuque;Dealer
ProdMotivoBuque;Producto
ProdMotivoBuque;Tipo
ProdMotivoBuque;MotivoM1
Produccion;CodPais
Produccion;Dealer
Produccion;Tda
Produccion;OrdenNo
ProduccionAv;CodPais
ProduccionAv;Dealer
ProduccionAv;Serie
ProduccionAv;OrdenNo
ProduccionAvTemp;CodPais
ProduccionAvTemp;Dealer
ProduccionAvTemp;Serie
ProduccionAvTemp;OrdenNo
ProduccionAvTemp;LineaNo
ProgMarca;CodPais
ProgMarca;Dealer
ProgMarca;Fecha
ProgMarca;Empleado
ProgMarca;Plaza
ProgMarca;Turno
Programa;Codigo
Programacion;CodPais
Programacion;Dealer
Programacion;Tda
Programacion;FechaProgramacion
Propuesta;CodPais
Propuesta;Dealer
Propuesta;ID
Prospecto;CodPais
Prospecto;Dealer
Prospecto;ProspectoNo
Proveedor;CodPais
Proveedor;Dealer
Proveedor;Codigo
Proveedor2;CodPais
Proveedor2;Dealer
Proveedor2;Proveedor
ProveedoresCajaChica;CodPais
ProveedoresCajaChica;Dealer
ProveedoresCajaChica;Codigo
ProveedorRelacionado;CodPais
ProveedorRelacionado;Dealer
ProveedorRelacionado;NRC
ProvisionContrato;CodPais
ProvisionContrato;Dealer
ProvisionContrato;Tda
ProvisionContrato;ContratoNo
ProvisionContrato;Cuota
ProvisionGerencia;CodPais
ProvisionGerencia;Dealer
ProvisionGerencia;Proveedor
ProvisionGerencia;CtaGasto
ProvisionGerencia;FechaVencimiento
ProyeccionCxC;CodPais
ProyeccionCxC;Dealer
ProyeccionCxC;Vendedor
ProyeccionCxC;ClienteNo
ProyeccionCxC;TipoDoc
ProyeccionCxC;DocNo
ProyeccionCxC;Serie
ProyeccionCxC;Mes
Proyecto;CodPais
Proyecto;Dealer
Proyecto;Id
PruebaLCD;GrupoCliente
PruebaLCD;Codigo
PuntosPremio;CodPais
PuntosPremio;Dealer
PuntosPremio;Codigo
PVta;id
QuedanCxc;CodPais
QuedanCxc;Dealer
QuedanCxc;Tda
QuedanCxc;Serie
QuedanCxc;Tipo_doc
QuedanCxc;Doc_No
QuedanCxP;CodPais
QuedanCxP;Dealer
QuedanCxP;Tda
QuedanCxP;QuedanNo
Razon;CodPais
Razon;Dealer
Razon;Razon
RecargoTarjeta;CodPais
RecargoTarjeta;Dealer
RecargoTarjeta;No
Receta;CodPais
Receta;Dealer
Receta;Codigo
RecetaEmpleado;CodPais
RecetaEmpleado;Dealer
RecetaEmpleado;FechaConsulta
RecetaEmpleado;Empleado
RecetaEmpleado;Doctor
RechazoPedido;CodPais
RechazoPedido;Dealer
RechazoPedido;Tda
RechazoPedido;PedidoNo
RechazoPedido;Fecha
RechazoPedido;Hora
RecibirCompra;CodPais
RecibirCompra;Dealer
RecibirCompra;Tda
RecibirCompra;CompraNo
RecibirCompra;LineaNo
Recibo;CodPais
Recibo;Dealer
Recibo;Tda
Recibo;Serie
Recibo;Recibo
ReciboCafe;CodPais
ReciboCafe;Dealer
ReciboCafe;idCosecha
ReciboCafe;idReciboCafe
RecintoFiscal;CodPais
RecintoFiscal;Codigo
RecordEmpleado;CodPais
RecordEmpleado;Dealer
RecordEmpleado;Empleado
RecordEmpleado;Fecha
ReferenciaPersonal;CodPais
ReferenciaPersonal;Dealer
ReferenciaPersonal;SolicitudNo
ReferenciaPersonal;Nombre
ReferenciasBanco;CodPais
ReferenciasBanco;Dealer
ReferenciasBanco;SolicitudNo
ReferenciasBanco;Corr
ReferenciasComercio;CodPais
ReferenciasComercio;Dealer
ReferenciasComercio;SolicitudNo
ReferenciasComercio;Corr
Regalia;CodPais
Regalia;Dealer
Regalia;No
RegDatos;CodPais
RegDatos;Dealer
RegDatos;Tienda
RegDatos;Serie
RegDatos;TipoDoc
RegDatos;DocNo
RegimenesPago;CodPais
RegimenesPago;Dealer
RegimenesPago;Codigo
RegimenExp;CodPais
RegimenExp;Codigo
Registro;ID
Remesa;CodPais
Remesa;Dealer
Remesa;Correlativo
RemisionAcumulada;CodPais
RemisionAcumulada;Dealer
RemisionAcumulada;Tda
RemisionAcumulada;Cliente
RemisionAcumulada;Producto
RemisionTemp;CodPais
RemisionTemp;Dealer
RemisionTemp;Tda
RemisionTemp;RemisionNo
RemuneracionEmp;CodPais
RemuneracionEmp;Dealer
RemuneracionEmp;Empleado
RemuneracionEmp;Codigo
RemuneracionEmp;Automatico
RepEsp;CodPais
RepEsp;Dealer
RepEsp;Numero
RepEsp;Orden
RepGerencial;CodPais
RepGerencial;Dealer
RepGerencial;RepNo
RepGerencial;Nivel
Reporteria;CodPais
Reporteria;Dealer
Reporteria;Usuario
Reporteria;Programa
Reporteria;Reporte
Reporteria;Generar
Reportes;GrupoCliente
Reportes;Modulo
Reportes;Programa
Reportes;Reporte
Reportes;Generar
RepVentas;CodPais
RepVentas;Dealer
RepVentas;Tda
RepVentas;Reporte_No
ReqEquipo;CodPais
ReqEquipo;Dealer
ReqEquipo;TipoReq
ReqEquipo;ReqNo
ReqEquipo;EquipoId
ReqServicio;CodPais
ReqServicio;Dealer
ReqServicio;Tda
ReqServicio;Serie
ReqServicio;TipoReq
ReqServicio;ReqNo
ReqServicio;LineaNo
Requisicion;CodPais
Requisicion;Dealer
Requisicion;Tda
Requisicion;Serie
Requisicion;TipoReq
Requisicion;ReqNo
RequisicionTemp;Codpais
RequisicionTemp;Dealer
RequisicionTemp;Tda
RequisicionTemp;Serie
RequisicionTemp;TipoReq
RequisicionTemp;ReqNo
RequisicionTemporal;CodPais
RequisicionTemporal;Dealer
RequisicionTemporal;Tda
RequisicionTemporal;TipoReq
RequisicionTemporal;ReqNo
RequisicionTemporal;Serie
RequisicionTemporal;Linea
Reservas;CodPais
Reservas;Dealer
Reservas;Tda
Reservas;RV
Reservas;Bodega
Reservas;Codigo
Reservas;Cantidad
Reservas;Linea
RespaldoMensual;CodPais
RespaldoMensual;Dealer
RespaldoMensual;MesAño
Respuestas;Id
ResumenDespachoTab;CodPais
ResumenDespachoTab;Dealer
ResumenDespachoTab;Tienda
ResumenDespachoTab;DespachoNo
ResumenDespachoTab;Bodega
ResumenDespachoTab;Codigo
ResumenFleteDiario;CodPais
ResumenFleteDiario;Dealer
ResumenFleteDiario;Tda
ResumenFleteDiario;Fecha
ResumenFleteDiario;CC
ResumenMarcaDiaria;CodPais
ResumenMarcaDiaria;Dealer
ResumenMarcaDiaria;Codigo
ResumenMarcaDiaria;Fecha
ResumenMarcaDiaria;Turno
Retaceo;CodPais
Retaceo;Dealer
Retaceo;RetaceoNo
Retencion;CodPais
Retencion;Dealer
Retencion;Tipo
Retencion;Cuenta
Retencion;Fecha
Retencion;Serie
Retencion;Cheque
Retencion;SujetoRetencion
Retencion;Documento
RetencionIva;CodPais
RetencionIva;Dealer
RetencionIva;Tda
RetencionIva;Proveedor
RetencionIva;Serie
RetencionIva;Comprobante
RevisarIF;CodPais
RevisarIF;Dealer
RevisarIF;Codigo
Rights;RightID
RotacionTemp;CodPais
RotacionTemp;Dealer
RotacionTemp;Codigo
Rubro;CodPais
Rubro;Dealer
Rubro;Codigo
RubroCompra;CodPais
RubroCompra;Dealer
RubroCompra;Codigo
RubroMarcacion;CodPais
RubroMarcacion;Dealer
RubroMarcacion;Descripcion
RubroProducccion;CodPais
RubroProducccion;Dealer
RubroProducccion;RubProd
RubroProduccion;CodPais
RubroProduccion;Dealer
RubroProduccion;RubProd
RubroProyecto;CodPais
RubroProyecto;Dealer
RubroProyecto;IdRubro
RubrosCajaChica;CodPais
RubrosCajaChica;Dealer
RubrosCajaChica;Centro
RubrosCajaChica;Codigo
RubroVenta;CodPais
RubroVenta;Dealer
RubroVenta;Tda
RubroVenta;Codigo
RubroVenta;Division
Ruta;CodPais
Ruta;Dealer
Ruta;Codigo
RutaDesc;CodPais
RutaDesc;Dealer
RutaDesc;Ruta
RUTAS;CodPais
RUTAS;Dealer
RUTAS;Codigo
Saco;CodPais
Saco;Dealer
Saco;idTipoSaco
SalasVenta;CodPais
SalasVenta;Dealer
SalasVenta;Tda
SalasVenta;SalaVentas
SalaVenta;CodPais
SalaVenta;Dealer
SalaVenta;Tda
SalaVenta;SalaVentas
SaldoCC;CodPais
SaldoCC;Dealer
SaldoCC;Mes
SaldoCC;Codigo
SaldoCC;CdCosto
SaldoDispo;CodPais
SaldoDispo;Dealer
SaldoDispo;Cuenta
SaldoDispo;Fecha
SaldoMensual;CodPais
SaldoMensual;Dealer
SaldoMensual;Tda
SaldoMensual;Mes
SaldoMensual;Codigo
SaldoMesFlujo;CodPais
SaldoMesFlujo;Dealer
SaldoMesFlujo;Año
SaldoMesFlujo;Rubro
SaldoMesFlujo;Nivel
SaldoMesFlujo;SubNivel
SALDOS_COSTOS_RECALC;CodPais
SALDOS_COSTOS_RECALC;Dealer
SALDOS_COSTOS_RECALC;Tda
SALDOS_COSTOS_RECALC;Codigo
SaldoTrimestral;CodPais
SaldoTrimestral;Dealer
SaldoTrimestral;Año
SaldoTrimestral;Vendedor
SaldoTrimestral;Cliente
SaldoTrimestral;Codigo
SaldoTrimestral;Bodega
SaldoVacacion;CodPais
SaldoVacacion;Dealer
SaldoVacacion;Empleado
Salud;CodPais
Salud;Dealer
Salud;CodigoEmpleado
Sancion;CodPais
Sancion;Dealer
Sancion;Numero
SccPosteo;CodPais
SccPosteo;Dealer
SccPosteo;Mes
SccPosteo;Codigo
SccPosteo;CdCosto
Secciones;CodPais
Secciones;Dealer
Secciones;Grado
Secciones;Codigo
Secciones;Nivel
Sector;CodPais
Sector;Dealer
Sector;Sector
SectorMercado;CodPais
SectorMercado;Dealer
SectorMercado;Sector
SegColectivo;CodPais
SegColectivo;Dealer
SegColectivo;CodigoEmpleado
Segmento;CodPais
Segmento;Segmento
SelectCompra;CodPais
SelectCompra;Dealer
SelectCompra;Tda
SelectCompra;Usuario
SelectCompra;TipoPedido
SelectCompra;PedidoNo
SelectCompra;Bodega
SelectCompra;Codigo
SelectCompra;TipoUnidad
SelectOption;CodPais
SelectOption;Dealer
SelectOption;Programa
SelectOption;No
SelectProgram;CodPais
SelectProgram;Dealer
SelectProgram;Tda
SelectProgram;Programa
SelectTraslado;CodPais
SelectTraslado;Dealer
SelectTraslado;Tda
SelectTraslado;Usuario
SelectTraslado;TipoPedido
SelectTraslado;PedidoNo
SelectTraslado;DeBodega
SelectTraslado;Codigo
SelectTraslado;TipoUnidad
SelOrdenCompra;CodPais
SelOrdenCompra;Dealer
SelOrdenCompra;Tda
SelOrdenCompra;OCSelNo
SelOrdenCompra;OrdenNo
SelOrdenCompra;LineaNo
SerFactAnulada;CodPais
SerFactAnulada;Dealer
SerFactAnulada;Tda
SerFactAnulada;TipoDoc
SerFactAnulada;DocNo
SerFactAnulada;SerieDoc
SerFactAnulada;LineaNo
SerFactAnulada;Codigo
SerFactAnulada;Bodega
SerFactAnulada;Lectura
SerFactAnulada;SIM
SerFactAnulada;Serie
SerFactAnulada;TelNo
SerFactAnulada;IMEI
SerFactAnuladas;CodPais
SerFactAnuladas;Dealer
SerFactAnuladas;Tda
SerFactAnuladas;Serie_Doc
SerFactAnuladas;Tipo_Doc
SerFactAnuladas;Doc_No
SerFactAnuladas;LineaNo
SerFactAnuladas;SIM
SerFactAnuladas;IMEI
SerFactAnuladas;Serie
SerialFile;CodPais
SerialFile;Dealer
SerialFile;Tda
SerialFile;CompraNo
SerialFile;Invoice
SerialFile;DNumber
SerieCompra;CodPais
SerieCompra;Dealer
SerieCompra;Tda
SerieCompra;CompraNo
SerieCompra;LineaNo
SerieCompra;Codigo
SerieCompra;Bodega
SerieCompra;Lectura
SerieCompra;SIM
SerieCompra;IMEI
SerieCompra;TelNo
SerieCompra;SerieNo
SerieFactura;CodPais
SerieFactura;Dealer
SerieFactura;Tda
SerieFactura;TipoDoc
SerieFactura;DocNo
SerieFactura;SerieDoc
SerieFactura;LineaNo
SerieFactura;Codigo
SerieFactura;Lectura
SerieIFRuta;CodPais
SerieIFRuta;Dealer
SerieIFRuta;Bodega
SerieIFRuta;Fecha
SerieIFRuta;Codigo
SerieIFRuta;ID
SerieImportacion;CodPais
SerieImportacion;Dealer
SerieImportacion;Tda
SerieImportacion;ImportacionNo
SerieImportacion;LineaNo
SerieImportacion;SIM
SerieImportacion;IMEI
SerieImportacion;Serie
SerieImportacion;TelNo
SerieInvFisico;CodPais
SerieInvFisico;Dealer
SerieInvFisico;Tda
SerieInvFisico;Tipo
SerieInvFisico;Numero
SerieInvFisico;LineaNo
SerieInvFisico;Codigo
SerieInvFisico;Bodega
SerieInvFisico;Lectura
SerieNcProveedor;CodPais
SerieNcProveedor;Dealer
SerieNcProveedor;Tda
SerieNcProveedor;NoNotaAbono
SerieNcProveedor;Proveedor
SerieNcProveedor;LineaNo
SerieNcProveedor;Codigo
SerieNcProveedor;Bodega
SerieNcProveedor;Lectura
SerieNcProveedor;SIM
SerieNcProveedor;IMEI
SerieNcProveedor;TelNo
SerieNcProveedor;SerieNo
SerieNotaCredito;CodPais
SerieNotaCredito;Dealer
SerieNotaCredito;Tda
SerieNotaCredito;No
SerieNotaCredito;SerieNC
SerieNotaCredito;LineaNo
SerieNotaCredito;SIM
SerieNotaCredito;IMEI
SerieNotaCredito;SerieNo
SeriePedidoVta;CodPais
SeriePedidoVta;Dealer
SeriePedidoVta;Tda
SeriePedidoVta;SerieDoc
SeriePedidoVta;TipoDoc
SeriePedidoVta;DocNo
SeriePedidoVta;LineaNo
SeriePedidoVta;SIM
SeriePedidoVta;IMEI
SeriePedidoVta;Serie
SerieProduccion;CodPais
SerieProduccion;Dealer
SerieProduccion;ProduccionNo
SerieProduccion;Codigo
SerieProduccion;Bodega
SerieProduccion;LoteSerie
SerieRequisicion;CodPais
SerieRequisicion;Dealer
SerieRequisicion;Tda
SerieRequisicion;SerieReq
SerieRequisicion;TipoReq
SerieRequisicion;ReqNo
SerieRequisicion;Bodega
SerieRequisicion;Codigo
SerieRequisicion;SIM
SerieRequisicion;IMEI
SerieRequisicion;TelNo
SerieRequisicion;SerieNo
SeriesPV;CodPais
SeriesPV;Dealer
SeriesPV;Tda
SeriesPV;Usuario
SeriesPV;Bodega
SeriesPV;Codigo
SeriesPV;SIM
SeriesPV;IMEI
SeriesPV;TelNo
SeriesPV;Serie
SeriesPVCola;CodPais
SeriesPVCola;Dealer
SeriesPVCola;Tda
SeriesPVCola;Usuario
SeriesPVCola;Bodega
SeriesPVCola;Codigo
SeriesPVCola;SIM
SeriesPVCola;IMEI
SeriesPVCola;TelNo
SeriesPVCola;Serie
SeriesPVCola;NoCola
SeriesPVCola;Terminal
SerieTarjetasIF;CodPais
SerieTarjetasIF;Dealer
SerieTarjetasIF;Tda
SerieTarjetasIF;Tipo
SerieTarjetasIF;Numero
SerieTarjetasIF;TarjetaNo
SerieTarjetasIF;Codigo
SerieTarjetasIF;Lectura
SerieTraslado;CodPais
SerieTraslado;Dealer
SerieTraslado;Tda
SerieTraslado;Serie
SerieTraslado;TrasladoNo
SerieTraslado;LineaNo
SerieTraslado;CorrID
SerieTraslado;Codigo
SerieTraslado;Bodega
SerIngreso;CodPais
SerIngreso;Dealer
ServerConfig;CodPais
ServerConfig;Dealer
SFAConversionUnidades;CodPais
SFAConversionUnidades;Codigo
Sobrantes;CodPais
Sobrantes;Dealer
Sobrantes;Tda
Sobrantes;Fecha
Sobrantes;Tiempo
Sobrantes;Codigo
SolDetTraslado;CodPais
SolDetTraslado;Dealer
SolDetTraslado;Tda
SolDetTraslado;Serie
SolDetTraslado;TrasladoNo
SolDetTraslado;LineaNo
SolicitaOC;CodPais
SolicitaOC;Dealer
SolicitaOC;Codigo
SolicitudAfiliacion;CodPais
SolicitudAfiliacion;Dealer
SolicitudAfiliacion;SolicitudNo
SolicitudDocAnexo;CodPais
SolicitudDocAnexo;Dealer
SolicitudDocAnexo;SolicitudNo
SolicitudDocAnexo;Corr
SolTraslado;CodPais
SolTraslado;Dealer
SolTraslado;Tda
SolTraslado;Serie
SolTraslado;TrasladoNo
SolTrasladoTemp;Usuario
SolTrasladoTemp;Codigo
SolTrasladoTemp;Presentacion
Sometimiento;CodPais
Sometimiento;Dealer
Sometimiento;Tda
Sometimiento;Fecha
Sometimiento;Hora
Sometimiento;Tipo
Sometimiento;Pedido
Sometimiento;Correlativo
String;CodPais
String;Dealer
String;Tipo
String;String
SubGrupoProd;CodPais
SubGrupoProd;Dealer
SubGrupoProd;Grupo
SubGrupoProd;SubGrupo
Sublinea;CodPais
Sublinea;Dealer
Sublinea;Linea
Sublinea;Sublinea
SubLineaPrecio;CodPais
SubLineaPrecio;Dealer
SubLineaPrecio;Sublinea
SubLineaPrecio;Desde
SubLineaPrecio;Hasta
SubMotivo;CodPais
SubMotivo;CodigoMotivo
SubMotivo;CodigoSub
SubProducto;CodPais
SubProducto;Dealer
SubProducto;Codigo
SubrubroProyecto;CodPais
SubrubroProyecto;Dealer
SubrubroProyecto;IdProyecto
SubrubroProyecto;IdSubrubro
SubSegmento;CodPais
SubSegmento;Dealer
SubSegmento;SolicitudNo
SubSegmento;Corr
Subzona;CodPais
Subzona;Numero
Sucursal;CodPais
Sucursal;Dealer
Sucursal;Sucursal
SucursalBodega;CodPais
SucursalBodega;Dealer
SucursalBodega;Sucursal
SucursalBodega;Bodega
SujetoRetencion;CodPais
SujetoRetencion;Dealer
SujetoRetencion;Sujeto
Supervisor;CodPais
Supervisor;Dealer
Supervisor;Supervisor
sysdiagrams;diagram_id
T_Surtidor;CodPais
T_Surtidor;Dealer
T_Surtidor;Tda
T_Surtidor;Surtidor
T_TipoComb;CodPais
T_TipoComb;Dealer
T_TipoComb;TipoComb
T_TipoServicio;CodPais
T_TipoServicio;Dealer
T_TipoServicio;TipoServicio
T_Turno;CodPais
T_Turno;Dealer
T_Turno;Tda
T_Turno;Turno
T_Turno;Fecha
T_Turno;HoraInicio
T_Vale;CodPais
T_Vale;Dealer
T_Vale;Tda
T_Vale;ValeNo
T_Veeder;CodPais
T_Veeder;Dealer
T_Veeder;Tda
T_Veeder;Fecha
T_Veeder;TipoComb
TablaDescuento;CodPais
TablaDescuento;Dealer
TablaDescuento;TipoDesc
TablaDescuento;Desde
TablaDescuento;Hasta
TablaImpuestoRenta;CodPais
TablaImpuestoRenta;Dealer
TablaImpuestoRenta;PeriodoPago
TablaImpuestoRenta;Desde
TablaImpuestoRenta;Hasta
TablaRetencion;CodPais
TablaRetencion;Tipo
TablaRetencion;Codigo
TablaRetencion;Desde
TablaRetencion;Hasta
TableExtralimite;CodPais
TableExtralimite;Dealer
TableExtralimite;Tipo
TabOrdenTC;CodPais
TabOrdenTC;Dealer
TabOrdenTC;TipoCliente
Talla;CodPais
Talla;Dealer
Talla;Codigo
Tarjeta;CodPais
Tarjeta;CodTarjeta
TarjetasIF;CodPais
TarjetasIF;Dealer
TarjetasIF;Tda
TarjetasIF;Tipo
TarjetasIF;Numero
TarjetasIF;TarjetaNo
TarjetasIF;LineaNo
TbConfig;CodPais
TbConfig;Dealer
TelefonoCliente;CodPais
TelefonoCliente;Dealer
TelefonoCliente;ClienteNo
TelefonoCliente;id
TempCtaCte;CodPais
TempCtaCte;Dealer
TempCtaCte;Usuario
TempCtaCte;Proveedor
TempCtaCte;TipoCafe
TempCtaCte;Documento
TempCtaCte;idTempCtaCte
TempOC;CodPais
TempOC;Dealer
TempOC;Tda
TempOC;OrdenNo
TempOC;LineaNo
Temporada;CodPais
Temporada;Dealer
Temporada;Codigo
TempPedidoCompra;CodPais
TempPedidoCompra;Dealer
TempPedidoCompra;Bodega
TempPedidoCompra;Codigo
TempPedidoCompra;Usuario
TempPorEncajar;ID
Termica;CodPais
Termica;Dealer
Termica;Tda
Termica;Fecha
Termica;Tiempo
Termica;Codigo
Terminal;CodPais
Terminal;Dealer
Terminal;Tda
Terminal;Terminal
Tesoreria;CodPais
Tesoreria;Dealer
Tesoreria;CuentaContable
TiempoEntrega;CodPais
TiempoEntrega;Dealer
TiempoEntrega;Codigo
TiketAnulado;CodPais
TiketAnulado;Dealer
TiketAnulado;Tda
TiketAnulado;Serie
TiketAnulado;TipoDoc
TiketAnulado;DocNo
TipExam;CodPais
TipExam;Dealer
TipExam;CodigoExamen
TIPO_MOV;Codigo
TipoAccionPersonal;CodPais
TipoAccionPersonal;Dealer
TipoAccionPersonal;Tipo
TipoAF;CodPais
TipoAF;Dealer
TipoAF;Descripcion
TipoCafe;CodPais
TipoCafe;Dealer
TipoCafe;idTipoCafe
TipoCliente;CodPais
TipoCliente;Dealer
TipoCliente;Tipo
TipoClientePrecio;CodPais
TipoClientePrecio;Dealer
TipoClientePrecio;TipoCliente
TipoClientePrecio;Codigo
TipoClientePrecio;Desde
TipoClientePrecio;Hasta
TipoContingencia;CodPais
TipoContingencia;Tipo
TipoContrato;CodPais
TipoContrato;Dealer
TipoContrato;Codigo
TipoCuadro;CodPais
TipoCuadro;Dealer
TipoCuadro;Tipo
TipoDeficiencia;CodPais
TipoDeficiencia;Dealer
TipoDeficiencia;IdTipoDeficiencia
TipoDevDesc;CodPais
TipoDevDesc;Dealer
TipoDevDesc;Codigo
TipoDocID;CodPais
TipoDocID;Codigo
TipoEnvio;CodPais
TipoEnvio;Dealer
TipoEnvio;idTipoRecibo
TipoFaltas;CodPais
TipoFaltas;Dealer
TipoFaltas;Codigo
TipoGarantia;CodPais
TipoGarantia;Dealer
TipoGarantia;TipoGarantia
TipoGastosIndirect;CodPais
TipoGastosIndirect;Dealer
TipoGastosIndirect;Tipo
TipoInventario;CodPais
TipoInventario;Dealer
TipoInventario;Tipo
TipoNC;CodPais
TipoNC;Dealer
TipoNC;Tipo
TipoNegocio;CodPais
TipoNegocio;Dealer
TipoNegocio;TipoNegocio
TipoOrden;CodPais
TipoOrden;Dealer
TipoOrden;Tipo
TipoOrdenProd;CodPais
TipoOrdenProd;Dealer
TipoOrdenProd;TipoOrden
TipoParentesco;CodPais
TipoParentesco;Dealer
TipoParentesco;Codigo
TipoPlanilla;CodPais
TipoPlanilla;Dealer
TipoPlanilla;Tipo
TipoRecibo;CodPais
TipoRecibo;Dealer
TipoRecibo;idTipoRecibo
TipoRequisicion;CodPais
TipoRequisicion;Dealer
TipoRequisicion;Tipo
TipoRetDesc;CodPais
TipoRetDesc;Dealer
TipoRetDesc;Tipo
TiposCreditos;Codigo
TipoServicio;CodPais
TipoServicio;Dealer
TipoServicio;TipoServicio
TipoVendedor;CodPais
TipoVendedor;Dealer
TipoVendedor;Tipo
TituloObtenido;CodPais
TituloObtenido;Dealer
TituloObtenido;Titulo
TituloOC;CodPais
TituloOC;Dealer
TituloOC;Tda
TituloOC;Codigo
TITULOS_DOCENTES;CodPais
TITULOS_DOCENTES;Dealer
TITULOS_DOCENTES;CodDocente
TITULOS_DOCENTES;Nombre_Titulo
TITULOS_DOCENTES;Institucion_Educativa
TMotorista;Codigo
TMotorista;Nombre
TmpEmpDevDesc;LineaNo
TokenAuth;CodPais
TokenAuth;Dealer
Tokens;Token
TotalesMes;CodPais
TotalesMes;Dealer
TotalesMes;Mes
Transferencia;CodPais
Transferencia;Dealer
Transferencia;id
TransporteExp;CodPais
TransporteExp;Codigo
TransportePesado;Codpais
TransportePesado;Dealer
TransportePesado;Numero
TransportePesado;Correlativo
Traslado;CodPais
Traslado;Dealer
Traslado;Tda
Traslado;Serie
Traslado;TrasladoNo
TrasladoAF;CodPais
TrasladoAF;Dealer
TrasladoAF;Traslado_No
TrasladoTemp;Codpais
TrasladoTemp;Dealer
TrasladoTemp;Tda
TrasladoTemp;Serie
TrasladoTemp;TrasladoNo
TrasladoTemporal;CodPais
TrasladoTemporal;Dealer
TrasladoTemporal;Tda
TrasladoTemporal;Serie
TrasladoTemporal;TrasladoNo
TrasladoTemporal;LineaNo
Turno;CodPais
Turno;Dealer
Turno;Codigo
UbicacionAF;CodPais
UbicacionAF;Dealer
UbicacionAF;Codigo
UbicEntrega;CodPais
UbicEntrega;Dealer
UbicEntrega;Ubicacion
UbicEntregaVta;CodPais
UbicEntregaVta;Dealer
UbicEntregaVta;Ubicacion
Unidad;CodPais
Unidad;Dealer
Unidad;Codigo
UnidadProducto;CodPais
UnidadProducto;Dealer
UnidadProducto;Codigo
UnidadProducto;Tipo
UserAccount;Codigo
UserContact;CodPais
UserContact;Dealer
UserContact;Usuario
UserContact;Tipo
UserContact;Nombre
UserDump;ID
UserGroup;GrupoCliente
UserGroup;ParentIDGRP
UserGroup;UniqueIDGRP
UserLogins;LoginsId
UserPrint;CodPais
UserPrint;Dealer
UserPrint;Tda
UserPrint;Usuario
UserPrint;Terminal
UserPrint;Doc
UserRights;CodPais
UserRights;Dealer
UserRights;ParentIDRGT
UserRights;UniqueIDRGT
Users;UserID
UsoOrdenCompra;CodPais
UsoOrdenCompra;Dealer
UsoOrdenCompra;Tda
UsoOrdenCompra;OrdenNo
UsoOrdenCompra;LineaNo
USUARIOS;CodPais
USUARIOS;Dealer
USUARIOS;Usuario
Vacacion;CodPais
Vacacion;Dealer
Vacacion;DesdeAnyos
Vacacion;HastaAnyos
ValeCaja;CodPais
ValeCaja;Dealer
ValeCaja;Tda
ValeCaja;Serie
ValeCaja;NoVale
ValeCajaChica;CodPais
ValeCajaChica;Dealer
ValeCajaChica;Tda
ValeCajaChica;ValeNo
ValeSubsidio;CodPais
ValeSubsidio;Dealer
ValeSubsidio;Empresa
ValeSubsidio;Empleado
ValeSubsidio;ValeNo
ValidezCotizacion;CodPais
ValidezCotizacion;Dealer
ValidezCotizacion;Codigo
VALORES_A_DISTRIBUIR;CodPais
VALORES_A_DISTRIBUIR;Dealer
VALORES_A_DISTRIBUIR;Fecha_aplicacion
VALORES_A_DISTRIBUIR;Tipo_orden
ValoresDistribuir;CodPais
ValoresDistribuir;Dealer
ValoresDistribuir;Fecha
ValoresDistribuir;TipoOrden
ValorRecibido;CodPais
ValorRecibido;Dealer
ValorRecibido;Tda
ValorRecibido;Fecha
ValorRecibido;LiqNo
ValorRecibido;Cajero
ValorRecibido;Cliente
ValorRecibido;ChequeNo
ValorRecibido;FechaCobro
ValorRecibido;Valor
ValorRecibido;Tipo
ValorRecibido;CuentaRemesado
ValRecTemp;CodPais
ValRecTemp;Dealer
ValRecTemp;Tda
ValRecTemp;Fecha
ValRecTemp;LiqNo
ValRecTemp;Cajero
ValRecTemp;Cliente
ValRecTemp;ChequeNo
ValRecTemp;FechaCobro
ValRecTemp;Valor
ValRecTemp;Tipo
ValRecTemp;CuentaRemesado
Vapor;CodPais
Vapor;Dealer
Vapor;CodigoVapor
VehiculoParticular;CodPais
VehiculoParticular;Dealer
VehiculoParticular;Codigo
VehiculoPropietario;CodPais
VehiculoPropietario;Propietario
Vehiculos;CodPais
Vehiculos;Dealer
Vehiculos;Codigo
Vendedor;CodPais
Vendedor;Dealer
Vendedor;Vendedor
VendSucursal;CodPais
VendSucursal;Dealer
VendSucursal;Sucursal
VendSucursal;Vendedor
VendUser;CodPais
VendUser;Dealer
VendUser;Usuario
VentaAF;CodPais
VentaAF;Dealer
VentaAF;Ubicacion
VentaAF;Codigo
VentaAF;Fecha
VentasPerdidas;CodPais
VentasPerdidas;Dealer
VentasPerdidas;Tda
VentasPerdidas;Codigo
VentasPerdidas;Fecha
VentasPerdidas;Hora
VtaGastosProy;CodPais
VtaGastosProy;Dealer
VtaGastosProy;Tda
VtaGastosProy;ReporteNo
VtaGastosProy;Corr
VtaMatEquPro;CodPais
VtaMatEquPro;Dealer
VtaMatEquPro;Tda
VtaMatEquPro;ReporteNo
VtaMatEquPro;Corr
VtaMDOPro;CodPais
VtaMDOPro;Dealer
VtaMDOPro;Tda
VtaMDOPro;ReporteNo
VtaMDOPro;Corr
Wallet;CodPais
Wallet;Dealer
Wallet;No
WebService;CodPais
WebService;Dealer
WebService;No
WSHeader;CodPais
WSHeader;Dealer
WSHeader;No
WSHeader;Propiedad
WSRequest;CodPais
WSRequest;Dealer
WSRequest;No
WSRequest;Propiedad
WSResponse;CodPais
WSResponse;Dealer
WSResponse;No
WSResponse;Propiedad
Zona;CodPais
Zona;Zona
ZonaGeografica;CodPais
ZonaGeografica;Dealer
ZonaGeografica;Numero
ZONAS;CodPais
ZONAS;Zona
